cluster_id,region,year,NDVI,NDWI,EVI,habitat_score,n_images,centroid_lat,centroid_lon,multi_source,has_breeding,habitat_tier,urban_fraction_pct,n_points,n_species,n_years,total_abundance,extent_km
189,Northern Basin,2022,0.35800966407980084,-0.4749414578830562,0.20954951452847162,-0.1417610090979134,4912,-30.150203968225355,145.42527429190957,,,,0.0,8,47,10,,10.87
198,Northern Basin,2022,0.49094291979413013,-0.4852328137166652,0.23231560196601753,-0.09476252031234708,4912,-29.5774101223222,148.97451863610823,,,,0.0,5,32,2,,3.47
66,Southern Basin,2022,0.3909184504070244,-0.4631401647971356,0.23554654506321637,-0.1215167187154716,4912,-34.48502693989819,145.22717985155194,,,,0.24995276215823417,254,45,25,,82.27
207,Northern Basin,2022,0.3088362507712759,-0.3926574346202792,0.17577262119699832,-0.11205996046365713,4912,-29.315646600911947,149.2588731365815,,,,0.0,3,34,7,,3.73
53,"Coorong, Lower Lakes and Murray Mouth Ramsar site",2022,-0.31412398087716836,0.3305090866876072,-0.1379331989705806,0.07265585966169696,4912,-35.44365464149718,139.15951522420974,,,,0.0,6,56,9,,10.78
157,Northern Basin,2022,0.49708864437647177,-0.5413124151220012,0.22115042086487033,-0.125951991322612,4912,-30.868537256536122,147.60946168868392,,,,0.0,3,34,3,,4.21
92,Wimmera Disconnected,2022,0.23910230472501717,-0.30409019564141326,0.1577351036155093,-0.08681319549484108,4912,-34.11892216028266,141.15745487500297,,,,0.0,4,42,4,,4.39
41,"Coorong, Lower Lakes and Murray Mouth Ramsar site",2022,-0.5146389571071119,0.7030001822628597,-0.05105337451966416,0.215944526514871,4912,-35.9099062587872,139.41209846711646,,,,0.0,3,31,2,,0.33
31,Southern Basin,2022,0.36572899256636165,-0.421688077198719,0.19955705356481332,-0.1067212492926867,4912,-36.27981416577073,139.72859988365445,,,,0.650954390120106,3,18,2,,2.54
35,Wimmera Disconnected,2022,0.32372935148684867,-0.3454050791004429,0.20321974190096606,-0.07775130686552625,4912,-36.05130735373462,141.90585228001228,,,,0.0,3,29,4,,0.26
29,"Coorong, Lower Lakes and Murray Mouth Ramsar site",2022,0.19599746873903137,-0.25251786447307467,0.13423016149467365,-0.07311173118823225,4912,-36.34990973850532,139.754266240367,,,,0.008285082205885272,3,30,29,,4.84
211,Northern Basin,2022,0.06664618171664005,-0.19644380891115118,0.054219613424702745,-0.09120781266003468,4912,-28.988890958657397,144.83120113976025,,,,0.0,3,26,1,,2.0
114,Southern Basin,2022,-0.13953287344335444,0.16428672057245094,-0.06686443872799842,0.042758882966128786,4912,-33.30325602366254,141.99908952532817,,,,0.0,8,19,4,,1.71
17,Southern Basin,2022,0.7175069657114391,-0.6649929251348786,0.48938821570929736,-0.11199296879635151,4912,-36.50940885626763,147.069146542815,,,,1.7785570735964162,4,13,1,,3.19
23,"Coorong, Lower Lakes and Murray Mouth Ramsar site",2022,0.08371692713867152,-0.12374641900000674,0.03179808767355777,-0.04076108054453544,4912,-36.45909977101012,139.80078860312526,,,,0.0,4,23,35,,7.43
6,Wimmera Disconnected,2022,0.21772292089762438,-0.3672640799178922,0.14193602065983277,-0.13326927959168558,4912,-36.49763924998229,143.06477541915888,,,,0.4031444916015211,127,36,28,,59.99
169,Northern Basin,2022,0.40775664735027994,-0.4682097553122857,0.22233038121902482,-0.1178231942472594,4912,-30.480184655715306,148.14947113841924,,,,0.024840171289737978,216,29,28,,119.18
250,Northern Basin,2022,0.3772219117265044,-0.45216184125840825,0.20545910004114779,-0.12040834006444318,4912,-26.53955210676799,148.52796566562358,,,,0.27685697363622996,961,29,30,,301.33
219,Northern Basin,2022,0.2634409128795045,-0.36907802624239794,0.13845838574227026,-0.11607045059363695,4912,-28.538944676653117,148.84670984149105,,,,0.07783320374279186,37,31,20,,34.79
21,Southern Basin,2022,0.36708653589255547,-0.4538179051163501,0.2404292028748124,-0.12545612871278786,4912,-36.4294295499165,144.18884846816303,,,,0.22011320470908974,61,25,37,,36.29
164,Northern Basin,2022,0.4056531848804524,-0.4817578524608581,0.21170365866979443,-0.1267934375243339,4912,-30.50772286777716,150.0031058273611,,,,0.18486997057504206,142,23,33,,43.58
127,Lachlan Disconnected,2022,0.3931809283800515,-0.4864046992737739,0.21143472004738975,-0.13457044821224373,4912,-32.4639723490915,147.3709106332526,,,,0.07328045415817956,515,28,18,,216.96
243,Northern Basin,2022,0.34206867941354413,-0.46989683868866017,0.18561169708664393,-0.14511063144777842,4912,-28.406338003405992,146.69024787090729,,,,9.254517703271452E-4,55,25,14,,36.53
12,Wimmera Disconnected,2022,0.2667509698460416,-0.38320160336241205,0.1618926213256674,-0.12322057407903059,4912,-36.4203150616171,141.90758520525958,,,,1.0348897780963147,67,20,24,,38.86
247,Northern Basin,2022,0.37492772967073507,-0.4200294439310029,0.2016966929832488,-0.10204657449030771,4912,-28.390045434756978,148.31380102940943,,,,0.019113021623339454,19,20,27,,21.12
25,Southern Basin,2022,0.6673907320907316,-0.6425123175114468,0.44471425590109837,-0.11855109767057537,4912,-36.43833531681675,146.44396348626012,,,,1.116642383757333,7,25,27,,12.17
215,Northern Basin,2022,0.26871820964063403,-0.48970121466730104,0.14581217064363206,-0.186333444944127,4912,-28.535008275789483,145.0776735169304,,,,4.7471345556814693E-4,102,25,17,,41.84
10,Southern Basin,2022,0.6654288550079315,-0.659193281030443,0.40738788877143706,-0.12934442661509316,4912,-36.54331443642372,146.6094899348219,,,,0.7094708742951525,43,21,18,,56.37
231,Northern Basin,2022,0.30164108982569715,-0.4055102106506259,0.15540000877526977,-0.12264969046009669,4912,-28.47128248665361,148.83077921382423,,,,0.2986894798311825,13,19,25,,14.23
242,Northern Basin,2022,0.2501801157321832,-0.3545641001287916,0.13945474525023926,-0.11266641378440168,4912,-28.41961942240718,150.2157628475134,,,,0.02448679593837623,5,17,7,,10.28
165,Northern Basin,2022,0.5631989125444864,-0.5970383470183724,0.29489685618759487,-0.13294344319322887,4912,-30.50541708578207,151.24388460919099,,,,0.1183004452218209,106,16,10,,65.05
226,Northern Basin,2022,0.27352952360612,-0.48506296590747444,0.14551471594906099,-0.18162597010203668,4912,-28.53051769574989,145.4382457860743,,,,0.0028118348640811136,22,16,18,,20.73
24,Southern Basin,2022,0.5552971084640071,-0.5809608682378148,0.36467005282362386,-0.126457677557086,4912,-36.404969209624504,149.13795565774876,,,,0.05578708771287865,23,14,12,,21.88
69,Lachlan Disconnected,2022,0.616456934784675,-0.6223745742377232,0.41656314796665594,-0.1268419706287639,4912,-34.46168657057093,149.29021031916128,,,,0.23639411570320515,160,12,12,,55.54
26,Wimmera Disconnected,2022,0.205644713038556,-0.3479278177498269,0.12986338897116323,-0.12649880543447373,4912,-36.40354127564604,141.56530145153067,,,,0.3013384621401199,11,19,23,,15.49
186,Northern Basin,2022,0.414050841462442,-0.48913777167178096,0.2091039015783844,-0.12786232641809178,4912,-30.40250567807555,149.5884093135249,,,,0.1614855587110129,63,11,26,,42.31
271,Northern Basin,2022,0.3593605516447852,-0.4731590644756532,0.19550297390163693,-0.14015121802747782,4912,-26.432820993142524,146.6717087204505,,,,0.06278961848983823,7,25,7,,12.03
234,Northern Basin,2022,0.3161272557086981,-0.4497155027828948,0.1709539521943785,-0.1433783993862576,4912,-28.48999503376536,149.3437622236114,,,,0.0037577210362346094,6,17,8,,6.56
4,Southern Basin,2022,0.4055912210122549,-0.49286645791881073,0.24539568008064896,-0.13348338634638443,4912,-36.593810463962924,145.21505547523202,,,,1.7431294693922226,10,17,11,,10.73
130,Southern Basin,2022,0.36818263131952395,-0.5114118630748722,0.19345557811785472,-0.1595740653171137,4912,-32.519833742305515,144.67726564785156,,,,0.0028836858200098725,14,16,15,,17.55
218,Northern Basin,2022,0.21239431987268315,-0.4652767393294796,0.11234366423494241,-0.19420831564861452,4912,-28.52963857862867,144.30285502883092,,,,0.0,56,12,16,,34.15
180,Northern Basin,2022,0.3432702527883054,-0.5257678214290227,0.17679506544980786,-0.1781525917420914,4912,-30.450460583200908,146.0595263889263,,,,0.014255597082870577,29,11,7,,30.78
258,Northern Basin,2022,0.28796222654388814,-0.4649454978283046,0.15709116836279904,-0.16378240807942746,4912,-26.526727155273665,146.0250584696488,,,,0.07534347296313895,41,12,18,,24.26
166,Northern Basin,2022,0.5524466629852125,-0.5790039072241452,0.24428321922785706,-0.12642367914040206,4912,-30.550851808383772,148.96649108234305,,,,0.009657180806714067,21,15,15,,27.99
179,Northern Basin,2022,0.22696105440944606,-0.4395327930893143,0.13791008027201765,-0.17293525408981014,4912,-30.506479133440312,145.12518115376255,,,,0.0,5,23,3,,4.43
120,Northern Basin,2022,0.6265302320942285,-0.6207946756854655,0.3427772309086063,-0.12186471257358789,4912,-32.68652022293247,149.1856022122552,,,,0.0,3,13,1,,0.75
49,Southern Basin,2022,0.3881811797618866,-0.4820048213005066,0.2436677236592435,-0.13393042087554927,4912,-35.70771723361596,139.25095993941153,,,,0.0,3,0,2,,0.01
65,Southern Basin,2022,0.336343405065678,-0.41211648879246127,0.20589910600328498,-0.11273253124920554,4912,-34.53050005412377,144.56435599096173,,,,0.022645039664795395,78,25,15,,47.8
100,Lachlan Disconnected,2022,0.4795652640857106,-0.4991494365383358,0.3016972640601824,-0.10766355628871721,4912,-33.84685971288495,144.49282366349271,,,,4.162976786343543E-4,13,36,4,,12.1
104,Lachlan Disconnected,2022,0.3477168326410326,-0.3598568597670591,0.17663947377968206,-0.07682738280382242,4912,-33.76817329543256,144.62953355992758,,,,0.0,3,12,1,,0.66
151,Southern Basin,2022,0.24182272014754908,-0.3677521256427208,0.17880649477483118,-0.12392218732661284,4912,-32.34074408225644,143.07160111210797,,,,0.0,3,8,8,,2.97
147,Southern Basin,2022,0.21240933532266343,-0.3345529624196398,0.1533040639341334,-0.11576804332271848,4912,-32.403176623269,142.6338896383468,,,,0.0,4,29,24,,7.68
245,Northern Basin,2022,0.37470209583438785,-0.47045341446190303,0.2056891610502231,-0.13239121034338663,4912,-28.43301373441088,150.82601109559505,,,,0.0,3,12,9,,2.63
144,Northern Basin,2022,0.44048363636133897,-0.5072275086325451,0.2732955410415105,-0.12814305063499143,4912,-32.42925899632445,148.72285442054581,,,,0.19821086838124638,3,23,35,,6.57
156,Southern Basin,2022,0.24575241752571053,-0.46632466406878254,0.15504286642710666,-0.1814938314309853,4912,-31.466283433598885,142.14140205735274,,,,0.0054861550959711385,6,18,1,,10.93
195,Northern Basin,2022,0.27626097094569396,-0.3868199523613748,0.1507955013384654,-0.12158758303854728,4912,-29.661202147127437,149.29250072910062,,,,0.06336247903835618,3,17,2,,5.66
171,Northern Basin,2022,0.21657786496966516,-0.3439117042262684,0.12024839769220595,-0.11971587654789494,4912,-30.56509481523497,148.04454608893246,,,,0.0,5,19,4,,8.13
148,Southern Basin,2022,0.1889579844131732,-0.3196004776699782,0.1384562116271014,-0.11617709283671762,4912,-32.4001877202304,142.77266641205472,,,,0.0,3,26,10,,4.15
0,Wimmera Disconnected,2022,0.2715442291851888,-0.39325833609326005,0.16402722557063654,-0.12733730998188048,4912,-36.62095585308534,141.96907209182834,,,,0.0777653853162534,27,21,23,,13.67
223,Northern Basin,2022,0.2605024940400541,-0.49283054329048204,0.14308061870099362,-0.19149732835826755,4912,-28.562862013466624,144.90429315457564,,,,0.0,7,21,11,,6.54
244,Northern Basin,2022,0.2601596360411419,-0.34580813438894137,0.14263987077754023,-0.10342102621690805,4912,-28.442201171454315,149.6458339966445,,,,0.0,3,17,17,,2.92
217,Northern Basin,2022,0.36946841592669494,-0.42009317791357365,0.19161843151693322,-0.10426854037746616,4912,-28.532347771003145,148.15980508371558,,,,0.19405314279213745,57,12,9,,25.02
3,Southern Basin,2022,0.4485184395674496,-0.5232882528389099,0.2407001585738268,-0.13456557587636608,4912,-36.563737922007206,143.89718194151683,,,,1.704692894294134,21,24,29,,18.27
235,Northern Basin,2022,0.31081417260606276,-0.4070131500778232,0.19144359575075812,-0.1198822210042688,4912,-28.481284407860308,145.70041006022493,,,,0.0010474145106780023,16,6,11,,14.77
251,Northern Basin,2022,0.5090553766965674,-0.5399791864805328,0.25471859299997446,-0.12036536120969266,4912,-26.556907824226503,150.76971428682003,,,,0.059688233115327435,58,18,14,,36.1
68,Southern Basin,2022,0.34994739206004033,-0.4798035454072275,0.1986204590344137,-0.14790317042032033,4912,-34.523644955185695,143.3093523179765,,,,8.877799615849534E-4,24,10,7,,17.32
132,Lachlan Disconnected,2022,0.34825138281700485,-0.49892741354504927,0.18417839178930956,-0.1600558950002276,4912,-32.4809711729911,145.02231932200547,,,,7.376699903274363E-4,46,13,14,,51.68
126,Southern Basin,2022,0.41016151386718636,-0.49724569581317846,0.257239840033213,-0.1342828119410325,4912,-32.57809874720707,143.5205809739376,,,,0.0,6,8,1,,6.22
131,Southern Basin,2022,0.46178348215688714,-0.537777465242613,0.2624929285927893,-0.13795308628281297,4912,-32.528380010514525,144.12960878738338,,,,0.0032154247992991943,29,13,10,,27.22
175,Northern Basin,2022,0.461860735186937,-0.49386104476133774,0.24945732589285663,-0.11157233278202786,4912,-30.516326464976316,150.7117575052784,,,,0.0022919707624075893,11,14,9,,16.47
236,Northern Basin,2022,0.39639678242493426,-0.47459852024690163,0.22155397679394084,-0.12620039917816728,4912,-28.489022738173585,150.68155538347472,,,,0.16419171249922487,5,16,8,,6.51
135,Lachlan Disconnected,2022,0.40308061879514884,-0.51964622624599,0.2079786777514977,-0.15055548822953446,4912,-32.49154606078219,145.83126214415515,,,,0.02605304980638836,47,18,22,,53.07
263,Northern Basin,2022,0.4851610755044864,-0.5256965812097294,0.27048908713118897,-0.12135351852404305,4912,-26.48941373009237,151.03548931374993,,,,0.06148874436658769,12,19,17,,11.65
177,Northern Basin,2022,0.19543146161259237,-0.40591196908550886,0.12001509678737889,-0.16537459680626834,4912,-30.515167794278632,144.11275999053015,,,,0.0,6,8,5,,4.13
153,Northern Basin,2022,0.28098290059035275,-0.4096711802244627,0.17711697824171707,-0.1334095478985365,4912,-32.26088227595549,148.1353112656326,,,,0.042016221353499854,8,14,1,,13.98
227,Northern Basin,2022,0.34365452375584776,-0.42036473303485267,0.20207849814943926,-0.11475703031857248,4912,-28.465112356591725,146.1008575930393,,,,5.801228877725633E-4,23,17,25,,24.0
191,Northern Basin,2022,0.16619393040802985,-0.24081300324057442,0.10549874849944396,-0.07801022978113271,4912,-30.070464145427998,145.9825997223511,,,,0.0,3,18,1,,6.06
71,Southern Basin,2022,0.4220923852078447,-0.5035309456789826,0.2216939338503742,-0.13328161332425167,4912,-34.48368429525622,146.5327586159696,,,,0.28784419894895436,7,9,5,,12.56
89,Lachlan Disconnected,2022,0.32393451083785196,-0.4041868431067441,0.18637914759377527,-0.11293830152890563,4912,-34.16935429235431,144.36270093380094,,,,0.0,3,11,1,,1.42
83,Southern Basin,2022,0.37780448481117246,-0.47016365270080895,0.21669046619960763,-0.13097639769601638,4912,-34.22287404873925,146.15159903937297,,,,0.31053621903809825,3,14,1,,4.41
2,Wimmera Disconnected,2022,0.18904802628070233,-0.3347220073711666,0.11918012618961354,-0.125213993910419,4912,-36.59290538459189,142.6424076407675,,,,0.30012907420979373,10,17,13,,18.24
141,Southern Basin,2022,0.2939434955353935,-0.44034111080372107,0.1813037769028796,-0.1466272682680752,4912,-32.475010902600026,142.95862266771738,,,,0.004048270029635262,5,16,8,,11.22
145,Southern Basin,2022,0.30268318056903576,-0.46872622952062304,0.16476482683265725,-0.1601624654847595,4912,-32.41500621274557,143.4669391888487,,,,0.0,4,4,1,,5.42
163,Northern Basin,2022,0.6642645352974309,-0.6614032812811166,0.2799475580474245,-0.13113615464969758,4912,-30.61211383769263,147.66400099160998,,,,0.0019762960724021865,3,7,1,,7.38
252,Northern Basin,2022,0.518860029047639,-0.5467928893227632,0.23687029284797365,-0.1205317219746023,4912,-26.55479611795656,150.30678984303984,,,,0.06847428383225172,65,9,8,,53.11
222,Northern Basin,2022,0.34985605683608917,-0.49251235734462717,0.18483111221256357,-0.15556499167234064,4912,-28.56802457044159,147.22794392194368,,,,0.0,4,5,5,,3.61
216,Northern Basin,2022,0.39858983344579607,-0.45086289608963354,0.20364165335944437,-0.11108180427546169,4912,-28.579247314300876,147.99956567347732,,,,0.03370563466433089,11,9,3,,19.33
124,Southern Basin,2022,0.40337232514075133,-0.5348809348802482,0.22361934936138625,-0.15957963087184837,4912,-32.62425656385572,143.85926515832296,,,,0.0,4,7,5,,2.1
125,Southern Basin,2022,0.37922873442361965,-0.5363480246563661,0.20223068462805538,-0.1701173210243718,4912,-32.58944653407655,144.52851136939663,,,,0.0,7,15,13,,9.59
221,Northern Basin,2022,0.31144256615231697,-0.41134552577592254,0.19243870312112082,-0.12223028900462672,4912,-28.579260432041313,145.8425649844291,,,,0.0,3,6,7,,3.87
155,Northern Basin,2022,0.3092780802142177,-0.37943722800730206,0.1934851197197422,-0.10395110471869413,4912,-32.16694424445423,148.39519928583692,,,,0.26615252295712943,3,16,1,,4.48
123,Southern Basin,2022,0.4646014124911973,-0.5562890398102888,0.24677191905121237,-0.14793285888969432,4912,-32.588238972078784,144.37017107166088,,,,0.0,9,6,6,,13.44
140,Northern Basin,2022,0.5843278405198704,-0.5952026906687877,0.36421419488346646,-0.12339047819332444,4912,-32.502567451714,149.58120216330903,,,,0.447645443034713,14,5,3,,18.9
70,Southern Basin,2022,0.18296886373479865,-0.42189878195411246,0.10874587782376018,-0.179951723678548,4912,-34.5211152863588,140.4888847058167,,,,0.02446333655367304,4,4,1,,8.39
230,Northern Basin,2022,0.3816171804449736,-0.4901817554640878,0.20557085242137146,-0.1414621811004632,4912,-28.475630104763482,147.49078485205155,,,,0.0,19,5,2,,16.96
18,Southern Basin,2022,0.38688906702362263,-0.4847867202487966,0.23207465573361033,-0.13611640533982886,4912,-36.502567636405146,145.59094782088025,,,,0.16123053989191488,8,13,3,,9.25
254,Northern Basin,2022,0.5161099316974953,-0.5417483918681956,0.22662598106325976,-0.11860506244191918,4912,-26.60470588975841,150.3321624995054,,,,0.034637037801718194,6,13,9,,3.08
185,Northern Basin,2022,0.17220565093546436,-0.45928082339907844,0.10182518811306965,-0.2066862336652613,4912,-30.47444798698685,143.52777516558024,,,,0.0,5,4,2,,6.4
229,Northern Basin,2022,0.3305957525284567,-0.4346124678627556,0.20049667180682276,-0.12852917970627065,4912,-28.49825003631421,146.37267678350747,,,,0.005397491373009622,16,9,17,,20.26
28,Southern Basin,2022,0.7340379829067291,-0.7024332682746139,0.3820624184522693,-0.1278447678020767,4912,-36.36946887327191,146.7391313073495,,,,0.5868585438313829,10,14,18,,6.78
173,Northern Basin,2022,0.4565619626407698,-0.5299291779735825,0.20674994579655587,-0.13533272172784158,4912,-30.51580809939653,146.6540832294005,,,,0.0,7,9,8,,10.55
260,Northern Basin,2022,0.31357047963729495,-0.4772477132840173,0.171686414257642,-0.1609204361154924,4912,-26.522538392696834,146.39848440964175,,,,7.891171628615004E-4,22,12,19,,27.73
119,Northern Basin,2022,0.41499206540178424,-0.49856549058831284,0.2371018767407927,-0.133142468192274,4912,-32.687730900634314,148.1423451783925,,,,0.09928587185081238,7,6,1,,16.22
241,Northern Basin,2022,0.41015326090302257,-0.5447457966323441,0.20909468279564772,-0.16278617361819742,4912,-28.416456083509214,147.28361229913673,,,,0.0,11,5,9,,11.14
269,Northern Basin,2022,0.250575942528263,-0.4303333775181159,0.13842391824341346,-0.15796964949956432,4912,-26.476018026401192,145.4390660729698,,,,0.0,3,4,5,,5.0
5,Wimmera Disconnected,2022,0.21034202158042006,-0.344074421147012,0.1378945661563929,-0.12230784405603916,4912,-36.60120303968699,142.36990259053402,,,,3.415065569599953,5,6,1,,4.6
257,Northern Basin,2022,0.310232217645795,-0.4664778818848589,0.18184205280658328,-0.15579384207259733,4912,-26.534164343599233,146.6221378363626,,,,0.0,6,11,16,,10.23
76,Wimmera Disconnected,2022,0.44103115512248076,-0.543366169795281,0.29455978828218865,-0.14960723982817625,4912,-34.37277769793414,142.15832206916878,,,,0.24692458969482012,4,5,1,,7.9
262,Northern Basin,2022,0.482278756302173,-0.5236459078085978,0.2644172448814533,-0.12127604216428944,4912,-26.511391258397566,151.16667794631593,,,,0.01902021289212407,4,8,1,,4.44
213,Northern Basin,2022,0.2443335925226035,-0.4417229417853604,0.1315240071975194,-0.16730032806217482,4912,-28.656981098400454,144.86712220129672,,,,0.0,5,4,1,,4.72
168,Northern Basin,2022,0.5469675252209121,-0.5848420073354288,0.33812676414123166,-0.13211819431289243,4912,-30.583057090057604,150.4383876130912,,,,0.0,3,2,1,,2.84
133,Lachlan Disconnected,2022,0.3706653903876293,-0.4867084001664221,0.19832716764028463,-0.14375888394480152,4912,-32.56249524244031,145.01788991814624,,,,0.0,3,6,1,,3.69
118,Northern Basin,2022,0.3376167421169198,-0.4216132422300614,0.18586337796736405,-0.11792124849126892,4912,-32.90435339261042,148.09016665095928,,,,0.28939440835128855,3,8,1,,7.19
190,Northern Basin,2022,0.26050616597211895,-0.4617833065013136,0.14713756169973047,-0.17286751751194054,4912,-30.118680245620524,144.96542048781555,,,,0.0,4,4,1,,11.69
77,Southern Basin,2022,0.3213733549877092,-0.45507529774741334,0.19434254071752433,-0.14449583665336432,4912,-34.36881908193087,147.05504702990947,,,,0.2271993465135791,11,3,2,,12.5
19,Wimmera Disconnected,2022,0.19908801387914044,-0.3381294817289214,0.12726767928283536,-0.12324248348569664,4912,-36.4913335280862,142.4446228221447,,,,0.27314795707921413,5,3,2,,7.83
79,Southern Basin,2022,0.4152247924696998,-0.4728111387237978,0.2569245189012509,-0.11759676624639878,4912,-34.36833133099326,144.9238997116025,,,,0.0,3,2,1,,1.63
182,Northern Basin,2022,0.4106107542881146,-0.5352985676344836,0.19446472374968893,-0.1569348388654443,4912,-30.4708500825012,146.4287229690581,,,,0.005199293864738394,12,5,12,,18.98
233,Northern Basin,2022,0.3793339636945747,-0.4548322687134843,0.2022650869044666,-0.12116577575026066,4912,-28.499946344234672,150.44594625036098,,,,0.6130298362281372,4,4,2,,5.94
122,Southern Basin,2022,0.48585387472895153,-0.55381583452417,0.25932381449667913,-0.1379479508229214,4912,-32.63517602988736,143.9701445241063,,,,0.0,4,1,2,,4.49
134,Lachlan Disconnected,2022,0.4453327813508169,-0.5138357539892952,0.2166687790935872,-0.13016833985325033,4912,-32.56915622927274,146.94621877104103,,,,0.038190393242732504,6,3,1,,13.0
183,Northern Basin,2022,0.3803048134653814,-0.4699193894404098,0.20673796043450687,-0.1298297082780933,4912,-30.47827269431488,149.1392374151787,,,,0.007824035418395818,5,5,1,,7.31
176,Northern Basin,2022,0.5809527441279744,-0.5829106826574525,0.2173152561619609,-0.11736531194328176,4912,-30.517825031413864,149.40270592097278,,,,0.0,10,4,2,,13.56
146,Southern Basin,2022,0.41666277176862704,-0.4974851610784384,0.2344411061208391,-0.1318259879396122,4912,-32.42870986650814,143.6546416956674,,,,0.0,3,5,5,,5.67
259,Northern Basin,2022,0.3793659647738349,-0.4722697696573145,0.19518955678350025,-0.1316154758848547,4912,-26.520293411675848,146.75087955841877,,,,0.0,9,5,2,,12.0
11,Southern Basin,2022,0.35359926624643934,-0.4563874343901585,0.21993412250315136,-0.13239275413551937,4912,-36.56082144730341,144.25571243014852,,,,0.3155024228901608,5,3,2,,8.57
238,Northern Basin,2022,0.20678319641179146,-0.45697044399164455,0.11679282969254295,-0.1914689878302701,4912,-28.45845852064964,144.4832267740213,,,,0.0,8,2,6,,10.87
13,Southern Basin,2022,0.5993280414337392,-0.6151051270734129,0.3765834636345593,-0.12933185967055202,4912,-36.5244469637071,146.23279271838294,,,,0.5735677532359581,3,6,5,,5.04
174,Northern Basin,2022,0.5638774053057619,-0.5953059172989223,0.3452698606104155,-0.13163258825704863,4912,-30.486175402933068,150.4665307365819,,,,0.1316266760075631,12,2,1,,13.03
248,Northern Basin,2022,0.35373542332138247,-0.44780025758259007,0.19854259876645916,-0.12718598522100102,4912,-28.423426392383984,146.98332211066105,,,,0.0,3,2,1,,6.69
15,Wimmera Disconnected,2022,0.4153650227171189,-0.4999836892610269,0.26798111043732714,-0.13384420446976852,4912,-36.50691865110461,143.5037033410514,,,,0.23699198006579653,5,5,3,,9.09
162,Northern Basin,2022,0.3836014098979057,-0.4824476123828007,0.20719637673379712,-0.13602800347051813,4912,-30.62389535002289,147.10653832012588,,,,0.0,5,2,1,,11.27
265,Northern Basin,2022,0.39213000094303835,-0.43640023752916207,0.23169234472844236,-0.10498814214028185,4912,-26.491825160226817,148.9234931442528,,,,0.0329690362568896,4,4,4,,5.65
267,Northern Basin,2022,0.2777419634894547,-0.4387436574784184,0.14673027468740177,-0.15214940909126917,4912,-26.49125804104311,144.99525430652986,,,,0.0,3,2,12,,5.37
255,Northern Basin,2022,0.29698678013899127,-0.4678960855215407,0.162687900055236,-0.16194293925732794,4912,-26.570200864131834,145.84976791615148,,,,0.019568108399987853,6,3,1,,5.7
239,Northern Basin,2022,0.40040060589210286,-0.4595169578906634,0.22350564322419886,-0.11554993237755687,4912,-28.451562643177834,148.59583480811537,,,,0.010922388962227325,10,3,2,,15.94
14,Southern Basin,2022,0.7915564525028521,-0.7845218795660973,0.37695293597955265,-0.15409054673851746,4912,-36.51944682566375,146.93333415569066,,,,0.0,3,5,1,,5.04
149,Lachlan Disconnected,2022,0.4332401478349077,-0.5290744058737847,0.2189953730510139,-0.14414858439030773,4912,-32.38699959684822,146.23728081499522,,,,0.0,5,1,3,,10.11
75,Lachlan Disconnected,2022,0.6706709595730656,-0.6768169899853855,0.40496646800195596,-0.13782181016200507,4912,-34.387499821758894,149.72732292153563,,,,0.0,3,2,1,,3.2
16,Southern Basin,2022,0.4588871788964177,-0.5338336216701705,0.27139905705556,-0.1367453014435352,4912,-36.50622526824205,143.70167127763273,,,,0.17731184975876405,4,3,2,,9.09
261,Northern Basin,2022,0.3048548690923326,-0.49503115783461443,0.15828521636349466,-0.17507674706383558,4912,-26.53822485515291,145.42911227992815,,,,0.0,3,2,1,,6.46
138,Lachlan Disconnected,2022,0.369181814296177,-0.47569982600725086,0.19979901580657938,-0.13774716988587968,4912,-32.544448278363674,146.6888918882428,,,,0.0,3,3,1,,6.37
266,Northern Basin,2022,0.3185618693226723,-0.4700673668044465,0.14905444381507757,-0.15461567235359897,4912,-26.49148580170649,145.3355336697181,,,,0.0,6,1,2,,8.86
237,Northern Basin,2022,0.2926572058405101,-0.4741691260400156,0.15650830256709075,-0.1674385932878053,4912,-28.48907193585345,144.60862184229092,,,,0.0,4,2,7,,2.51
136,Lachlan Disconnected,2022,0.36440435929485065,-0.47938511666093586,0.1959383148953131,-0.14186932627862125,4912,-32.54074073414157,146.75740691903286,,,,0.0,4,2,3,,7.56
220,Northern Basin,2022,0.40214027019334764,-0.4908688944471008,0.23162978872297182,-0.1336652285909214,4912,-28.53722235867652,147.76195481179684,,,,0.003013999011285402,15,3,7,,30.21
8,Southern Basin,2022,0.631201042744625,-0.6337179610546164,0.40339222165857913,-0.1277503595349198,4912,-36.58990741530415,146.17667627128952,,,,0.020459939438579242,3,3,1,,4.2
228,Northern Basin,2022,0.24472145187888886,-0.4862732765715546,0.12959762347675546,-0.1938753851913772,4912,-28.494712037563684,144.72364874269624,,,,0.0,6,2,9,,10.7
20,Wimmera Disconnected,2022,0.18037645370509126,-0.32450126377403304,0.10933156087333741,-0.12255017678238332,4912,-36.48666918312899,142.61212388414046,,,,0.6055875052064208,6,4,2,,10.85
142,Southern Basin,2022,0.2415185711927711,-0.4062953183806724,0.15716247822334933,-0.147169762551295,4912,-32.47629871995172,142.82426305290198,,,,0.0,3,2,8,,5.83
240,Northern Basin,2022,0.392931461457832,-0.5243099676995734,0.2074240338262956,-0.15741339603661123,4912,-28.46899868133785,147.1921116032438,,,,0.0,3,3,1,,4.09
106,Lachlan Disconnected,2022,0.39424579670585164,-0.4764065289454109,0.20715380733898991,-0.12814559868490585,4912,-33.59067592074627,147.15421201195582,,,,0.025183974452353864,4,1,1,,6.91
268,Northern Basin,2022,0.3034413811191397,-0.44272779486417174,0.1658861716347833,-0.14426012447084713,4912,-26.44865078916653,146.97951311196493,,,,0.0,6,3,5,,9.39
73,Wimmera Disconnected,2022,0.16702217408078132,-0.4741549915655653,0.09727158608930257,-0.21768412530702663,4912,-34.462960823358806,141.492044698323,,,,0.0,3,3,1,,1.23
22,Southern Basin,2022,0.5062111418104428,-0.531784598647717,0.3172984564157813,-0.11658630246445306,4912,-36.45481433328731,143.91333270827604,,,,0.03268719973531207,4,3,1,,3.78
181,Northern Basin,2022,0.5458404797453993,-0.5721421633279246,0.2263218632399559,-0.124949106098595,4912,-30.49991983179012,149.0329680581784,,,,0.0,4,2,2,,9.98
256,Northern Basin,2022,0.3255241029783967,-0.50087829099396,0.16152844888447837,-0.17031733340501728,4912,-26.56079736323859,145.16204138385993,,,,0.0,3,1,6,,4.89
253,Northern Basin,2022,0.4812944728019638,-0.5429592652796386,0.208058507345817,-0.13325777004699757,4912,-26.61722297696725,147.65333343284834,,,,0.0,3,1,1,,2.1
143,Southern Basin,2022,0.3222892488193255,-0.41739455077761606,0.1983971821607792,-0.1215210309388394,4912,-32.446913294200066,143.07762361013428,,,,0.0,4,1,8,,9.06
139,Southern Basin,2022,0.3764503322306395,-0.536393763582833,0.19782104415648438,-0.171256125257444,4912,-32.527777925298,144.55554841022817,,,,0.0,3,1,1,,7.85
187,Northern Basin,2022,0.3984525845139382,-0.5148741308320499,0.17011201415159416,-0.14954344469365463,4912,-30.419610292037373,146.28740184421903,,,,0.0,4,1,4,,5.58
264,Northern Basin,2022,0.35114498283375717,-0.48095141156204174,0.17066287941813849,-0.14811285380372213,4912,-26.499613646866113,145.57084318048712,,,,0.0,3,1,1,,4.96
225,Northern Basin,2022,0.41396316737178096,-0.48204070689032874,0.23411396613575364,-0.12363915718548485,4912,-28.564944945611845,148.30627797773198,,,,0.0,3,1,1,,1.09
232,Northern Basin,2022,0.17460132720933697,-0.47539656202097774,0.09407592725314884,-0.21539740632885182,4912,-28.499555827291697,144.10088918265822,,,,0.0,4,1,1,,4.55
101,Lachlan Disconnected,2022,0.5256223493316029,-0.5666844076328996,0.25954050874013196,-0.12976170484709862,4912,-33.79203704832239,147.036668305599,,,,0.0,3,1,1,,3.09
270,Northern Basin,2022,0.3554981495345859,-0.48033893502965697,0.1829779083447956,-0.14600410120395976,4912,-26.486482277559734,146.168999777574,,,,0.0,3,0,1,,5.85
224,Northern Basin,2022,0.3490909773137891,-0.4432605412452861,0.20208264404720838,-0.126319933821656,4912,-28.558335070584043,148.43888904501134,,,,0.0,3,0,1,,5.61
59,Lachlan Disconnected,2022,0.4207899420299833,-0.46800892196281524,0.2271789015067315,-0.11248937636569578,4912,-34.47670435165766,143.8484720211485,,,,0.07117775554730926,515,57,35,,97.73
61,Lachlan Disconnected,2022,0.4166087427408302,-0.5066749275281686,0.252989385838957,-0.13736145942056904,4912,-34.486044010750184,147.20588876793917,,,,0.43045836132918747,1197,43,38,,309.83
204,Northern Basin,2022,0.3936707516745542,-0.4452444548544246,0.21108122814274935,-0.10967837224283308,4912,-29.32042126334943,149.31487788855142,,,,0.03102845485168524,90,70,11,,39.4
206,Northern Basin,2022,0.5233359618985877,-0.5366379591345127,0.264858467506662,-0.11264839072127256,4912,-29.323399031049497,149.53442637186225,,,,0.0,9,54,11,,6.33
209,Northern Basin,2022,0.28014773548230654,-0.38342220738069027,0.15171741322885568,-0.11799423023549152,4912,-29.235615550597743,149.49812048741865,,,,0.03497401538420047,14,38,10,,9.79
196,Northern Basin,2022,0.3388349534447682,-0.4155365144574835,0.18504651792340163,-0.11378792729658282,4912,-29.569205138333523,149.2713657507307,,,,0.04146019112790954,19,43,10,,13.1
203,Northern Basin,2022,0.3153096964991964,-0.40703974072180854,0.16010478981348675,-0.11809996583340657,4912,-29.416183333746332,149.55488375978487,,,,0.07194916773464713,11,24,11,,8.68
199,Northern Basin,2022,0.3590839688270013,-0.4251854106029099,0.18411386066077573,-0.1114776588309454,4912,-29.55693449632413,149.6423110422227,,,,0.31459209620582473,10,38,11,,11.89
200,Northern Basin,2022,0.5208861767397909,-0.5474347313147498,0.2475845065729034,-0.12010636809293354,4912,-29.567642880871336,149.40833253394237,,,,0.0,4,14,10,,0.47
103,Lachlan Disconnected,2022,0.7400757066149103,-0.6712398365441398,0.47039840703557495,-0.1067136192805197,4912,-33.76923924153148,144.88389374390823,,,,0.0,5,28,7,,5.11
50,Southern Basin,2022,0.02900074738201096,-0.036132252042233304,0.05327195847437211,-0.010079052272535596,4912,-35.57954737151655,138.98244430500864,,,,0.07441013236606196,19,54,12,,18.11
212,Northern Basin,2022,0.04247510948149808,-0.10997744848412336,0.06885481301106841,-0.04899642529787478,4912,-28.706068976707233,144.29122911360335,,,,0.0,22,58,10,,13.35
121,Southern Basin,2022,-0.020889756436476458,-0.07013189195403977,-0.002765410570421837,-0.05043503774701444,4912,-32.415219715834375,142.33209584904355,,,,0.12361583620086437,142,50,31,,59.37
161,Northern Basin,2022,0.4556522777233287,-0.5136051292200342,0.2385683636719722,-0.12590216644268898,4912,-30.524839013256408,147.20181387588815,,,,0.010962373206149355,196,44,36,,79.96
159,Northern Basin,2022,0.16816111788328672,-0.3836454545676011,0.10539897918430452,-0.16292282558724597,4912,-30.560263843023613,143.72094818115335,,,,0.0015677780567571078,68,59,38,,39.62
48,Wimmera Disconnected,2022,0.19381642860128626,-0.2995423216255408,0.1350888774387733,-0.10219882153480997,4912,-35.637507882458365,143.80109836954634,,,,0.44182601448130365,93,41,11,,27.38
51,"Coorong, Lower Lakes and Murray Mouth Ramsar site",2022,-0.16384247757100925,0.2277160486828485,-0.07180917817736342,0.07109263818130539,4912,-35.611142633677176,139.2815726843277,,,,0.0,8,57,15,,6.4
33,Southern Basin,2022,0.5241692460980656,-0.5526569790185042,0.2559718779614867,-0.12192648897187627,4912,-36.20033684881396,139.67825308528748,,,,0.23646603887563128,5,54,14,,6.0
7,Southern Basin,2022,0.29432610458458053,-0.3899964057928788,0.18727137748917366,-0.11626740164189506,4912,-36.50224246871706,144.94189056516882,,,,0.626120701961066,164,50,39,,33.12
105,Lachlan Disconnected,2022,-0.3064600604170924,0.2641232657840016,-0.15155541607993006,0.03588993530356398,4912,-33.620847191218196,147.4705607531148,,,,0.0,8,61,14,,5.28
96,Lachlan Disconnected,2022,0.3534292917484521,-0.4308634147416572,0.2039609556297026,-0.11714633214561346,4912,-33.888764217717146,144.63475925837625,,,,0.004268319219583861,39,35,6,,20.69
167,Northern Basin,2022,0.2152546640898504,-0.44224811015028825,0.12700720633046136,-0.17924700045423278,4912,-30.517715805329825,144.27799574442355,,,,4.6045949957694977E-4,70,38,21,,38.21
192,Northern Basin,2022,0.02010929665302115,-0.05751090525069307,7.271901583117398E-4,-0.02646282448920738,4912,-29.831323733800705,147.3621809639695,,,,0.0,14,55,9,,9.41
129,Southern Basin,2022,0.3650818082418565,-0.4465665749845655,0.22566397459460374,-0.12190722169399665,4912,-32.49679190631206,143.31825551460284,,,,0.0016419500267021644,59,43,21,,33.61
214,Northern Basin,2022,0.3694765143370142,-0.44107473013935905,0.19052573334368303,-0.11685423234880976,4912,-28.52114912671,150.1910420092735,,,,0.2602709340965451,808,55,41,,219.48
34,"Coorong, Lower Lakes and Murray Mouth Ramsar site",2022,-0.2593430857541588,0.6999547880087543,-0.02675836260045175,0.31623563850358904,4912,-36.09834191545781,139.58589351201206,,,,0.0,4,32,3,,1.39
108,Lachlan Disconnected,2022,-0.295861135232218,0.3347219427169485,-0.02137226798710605,0.08248871153728188,4912,-33.484177526413944,145.99076454602104,,,,0.08446526416868692,10,47,8,,9.97
46,"Coorong, Lower Lakes and Murray Mouth Ramsar site",2022,-0.2057366871420305,0.2840065923049498,0.05077038215668742,0.08810928052615767,4912,-35.75222063253914,139.22493370015562,,,,0.0,4,39,3,,1.44
172,Northern Basin,2022,0.22749556638290744,-0.3269634260572761,0.1488348504020725,-0.10517982908120266,4912,-30.55424463206129,144.99071719136592,,,,0.0,5,40,41,,12.84
128,Southern Basin,2022,0.1710500284230152,-0.2322307445989496,0.1567183199984253,-0.07091843539016368,4912,-32.593023052984826,142.08508659847308,,,,0.0010190836564129859,4,34,28,,5.98
1,Southern Basin,2022,0.4392744653814344,-0.5194358056811531,0.2700512198570031,-0.1359516972561181,4912,-36.52699679418343,145.61297828487426,,,,0.778595093534488,229,48,42,,87.26
178,Northern Basin,2022,0.2240019862372748,-0.4583720044634117,0.13253721197941415,-0.1854224081831371,4912,-30.454521055058947,144.53795803246143,,,,0.0,23,40,19,,24.63
78,Southern Basin,2022,0.2922247619959201,-0.36752320137213584,0.18317073521473412,-0.10362401602491345,4912,-34.312094509849366,140.61955356822298,,,,1.6836686421167417,51,32,8,,21.81
160,Northern Basin,2022,0.21376922846060772,-0.4135515231859762,0.12907940505313933,-0.16262322252734263,4912,-30.538062431182574,143.96175180929785,,,,2.3521121225099308E-4,52,37,24,,35.69
74,Southern Basin,2022,0.1889185725487598,-0.38264077583616735,0.12182393658680546,-0.15401703648219647,4912,-34.42818334227467,140.8511649249334,,,,0.0,6,35,37,,7.12
158,Northern Basin,2022,0.1271832742115622,-0.29357091344741587,0.0846166776003867,-0.12526923838382462,4912,-30.74123910638801,143.5764646449102,,,,0.0,9,41,7,,7.12
62,Wimmera Disconnected,2022,0.2927618920013523,-0.4397134132005438,0.18113980797419607,-0.14672329111978535,4912,-34.5087766549619,142.22361159768099,,,,0.21465422516006835,122,31,35,,59.47
208,Northern Basin,2022,0.41207923189737605,-0.4646360865537279,0.22340381218409475,-0.11394995917328632,4912,-29.263310150326955,144.91096835917634,,,,0.0,5,35,4,,4.73
193,Northern Basin,2022,0.23038061587580572,-0.26914006113328764,0.10854243425144648,-0.06933179032965028,4912,-29.740882272033062,147.46054464542684,,,,0.0,25,37,8,,10.3
85,Southern Basin,2022,0.2547344672113123,-0.31958037543259943,0.15413287221367175,-0.0898544383750347,4912,-34.09843776072328,140.76775052646093,,,,1.8099833850284792,52,30,10,,26.96
63,Southern Basin,2022,0.30670628390478616,-0.39332532776932744,0.17875905839629125,-0.113312683099682,4912,-34.56133009760159,142.79523496008218,,,,1.1231567503368636,45,35,39,,30.52
57,Wimmera Disconnected,2022,0.34539357879607613,-0.43703394528208483,0.18794421621228333,-0.12406293565082044,4912,-34.726011601431836,142.40899990477752,,,,0.061087739249864756,133,29,11,,18.83
52,Southern Basin,2022,0.1570306249796952,-0.15401955903356904,0.13352067775628348,-0.029599485428263336,4912,-35.51318573926577,138.81393799455475,,,,7.926458860943263,5,35,3,,6.59
32,Wimmera Disconnected,2022,0.19970408904203732,-0.29704473884368215,0.13105251813345634,-0.09834520768939434,4912,-36.257689284530954,142.96309919891235,,,,0.0,6,34,10,,3.73
72,Southern Basin,2022,0.28761560019160404,-0.4009232634806465,0.18075785556011803,-0.12550771801174626,4912,-34.41971079852517,140.56820506501472,,,,2.9213706988206,28,34,31,,25.83
137,Southern Basin,2022,0.23797971644791466,-0.4412531250416597,0.15790966213064506,-0.16955998844582992,4912,-32.50582807900445,142.00303851286526,,,,2.2457206158911684E-4,28,35,20,,22.53
154,Southern Basin,2022,0.12104839233333722,-0.21458302575277813,0.08371487787640727,-0.08033045851833197,4912,-32.1886649886025,142.65684800927096,,,,0.004306358374279258,26,29,8,,19.05
39,Southern Basin,2022,0.6184216905809676,-0.634926535011479,0.2825433598414971,-0.13358724477450035,4912,-35.86678250771226,144.9981164819936,,,,0.03833185559908078,88,28,13,,27.57
80,Southern Basin,2022,0.220076700931074,-0.29860995239989035,0.1412621610246653,-0.09113529106750459,4912,-34.26699979379736,140.40010206305595,,,,3.1118202799543715,26,33,8,,21.34
170,Northern Basin,2022,0.10314084769914077,-0.08264058261921575,0.12834972043655066,-0.008328010491873136,4912,-30.561298325547423,150.68025557491208,,,,0.0,6,31,28,,3.62
91,Lachlan Disconnected,2022,0.40509170412676165,-0.4191861084390237,0.21926641372109984,-0.08947498341270954,4912,-34.087427864326365,144.53279191631097,,,,5.583705370607454E-4,28,34,7,,25.39
107,Lachlan Disconnected,2022,0.0210328367134938,0.0488460055430563,0.03406268457035125,0.0377207380112313,4912,-33.51553308047087,147.393834770132,,,,0.0,4,42,11,,6.47
116,Southern Basin,2022,0.23531848438894915,-0.4017503870178556,0.14770878707658916,-0.14692283845513368,4912,-33.16063971645203,141.9357886255454,,,,0.0,6,29,4,,4.04
84,Southern Basin,2022,0.15908376885271044,-0.39118391470164,0.10161127527435442,-0.1710768412798998,4912,-34.21918420140352,139.87727060296652,,,,0.0,4,19,6,,4.17
94,Wimmera Disconnected,2022,0.2696649094294782,-0.34981898380576726,0.16782785267168174,-0.10202542651166907,4912,-33.96788136144898,140.95077045759248,,,,0.013892052998090414,34,29,10,,22.69
210,Northern Basin,2022,0.28844806105922305,-0.3729670916470354,0.15531092084737072,-0.10840103056453201,4912,-29.215208199418658,149.11272275105796,,,,0.0,17,29,5,,5.57
37,Southern Basin,2022,0.44638666804955557,-0.5005940985010326,0.2309796564005103,-0.12180179188079734,4912,-35.93948466947541,144.48171412538778,,,,0.06816082800469225,17,17,8,,13.53
86,Lachlan Disconnected,2022,0.33720878824526074,-0.439662790738963,0.2063776806440657,-0.12891415914527352,4912,-34.1708203022644,143.9556978509823,,,,0.0,20,24,4,,9.52
87,Wimmera Disconnected,2022,0.3201527079098345,-0.3718430280150693,0.19734348021086756,-0.09504473364510777,4912,-34.13993527111621,141.72281503041881,,,,0.028415947476102533,41,27,9,,33.38
117,Southern Basin,2022,0.053699158763865405,-0.12838674446143658,0.053184560112240875,-0.055552383171315785,4912,-33.1369795059951,141.71741704337836,,,,0.0,6,22,5,,2.48
111,Southern Basin,2022,0.06986122039959337,-0.15289614056504497,0.07023190800394605,-0.06379319617918962,4912,-33.35313651658158,141.83373376628498,,,,0.0,5,24,8,,0.8
152,Southern Basin,2022,-0.19743697992517256,0.3992828127064291,-0.027666344390158894,0.16059489565378843,4912,-32.31412293042263,143.37209941404686,,,,0.0,6,33,4,,2.5
110,Southern Basin,2022,0.04965850413084862,-0.11654010878120231,0.0501355603205077,-0.05006066361638194,4912,-33.419917798437396,141.8829894075693,,,,0.0,5,30,6,,1.29
115,Lachlan Disconnected,2022,0.4195513098037244,-0.4655512082204817,0.24579585055877604,-0.11151020101079923,4912,-33.2556327299225,146.44276043292072,,,,0.32204573249103696,9,35,8,,10.14
36,Southern Basin,2022,-0.3382733352402821,0.3746449021397205,-0.04192177039076576,0.08947760718771947,4912,-35.99407707386476,146.05539699630356,,,,0.0,3,28,9,,5.47
99,Lachlan Disconnected,2022,0.4298307575050103,-0.44831386308875104,0.22929215878739778,-0.09705601485124649,4912,-33.918129716134516,144.24731500579946,,,,0.0,7,32,5,,5.41
56,Southern Basin,2022,0.17622334388848943,-0.32088209077927127,0.11112329348271406,-0.12203991691216698,4912,-34.88282951286159,139.49820026933443,,,,0.6050838074552807,8,31,7,,17.6
90,Wimmera Disconnected,2022,0.3323475978393069,-0.3786730974738466,0.1975245951021741,-0.09426481934858516,4912,-34.12056349973364,141.40353441131145,,,,0.024364559397174242,13,25,10,,11.75
102,Lachlan Disconnected,2022,0.3653076375818404,-0.4078227428311674,0.22652000954096121,-0.09857059066596424,4912,-33.75205843000874,144.7463881023616,,,,0.0,11,24,5,,12.77
93,Wimmera Disconnected,2022,0.30144609070082334,-0.3559237882204296,0.17539608619925917,-0.09297583665192839,4912,-34.07879895917334,141.24478900313565,,,,0.01927904088106871,16,28,11,,17.16
109,Southern Basin,2022,0.03885277097238477,-0.07781428549502171,0.03872631292099968,-0.03114746290805912,4912,-33.46946593923181,141.7380138295658,,,,0.0,5,20,8,,1.0
42,Southern Basin,2022,0.533161525959826,-0.5582818315798784,0.2699493189428152,-0.12170448856399663,4912,-35.85689050398341,145.35316138169463,,,,0.1677139063681773,8,15,3,,8.76
112,Lachlan Disconnected,2022,0.15891826027324166,-0.16871761209634056,0.08149515956372108,-0.03766326314850768,4912,-33.32984089166526,147.25372997280132,,,,0.0,5,32,4,,9.7
43,Southern Basin,2022,0.5095600504009343,-0.5511111978871727,0.23832634299793845,-0.12684269857192984,4912,-35.835770463861664,144.37415775210422,,,,0.0,16,11,3,,8.39
88,Lachlan Disconnected,2022,0.5556490908706404,-0.5710068743520075,0.2720704771173426,-0.1203444882629483,4912,-34.185112872146235,144.16363833980066,,,,0.0,8,12,3,,10.7
82,Southern Basin,2022,0.3541858206965967,-0.41414315829020065,0.19840397584097577,-0.1068115666954817,4912,-34.2900634929619,139.6353671978383,,,,0.0,3,25,8,,0.42
205,Northern Basin,2022,0.40288268378979103,-0.45969228969942505,0.20340483802625814,-0.11466230030373861,4912,-29.387333168461748,149.71029875451484,,,,0.023973623852981612,17,19,5,,17.91
47,Southern Basin,2022,0.5962511031701172,-0.605174516591912,0.2752918072595722,-0.12460426868710031,4912,-35.688134299201764,144.18387637468098,,,,0.04137768437476974,19,8,4,,11.63
55,Southern Basin,2022,0.3443207675203724,-0.44231748902051227,0.22591346631564163,-0.1276621864041584,4912,-35.2239029750702,143.45322531559432,,,,0.7862827846773673,5,21,7,,6.63
98,Lachlan Disconnected,2022,0.5645548238640457,-0.5541431503642653,0.30986658883832235,-0.1066639606729409,4912,-33.924168209699275,144.4085983930247,,,,0.0,4,21,7,,4.43
81,Wimmera Disconnected,2022,0.3834461272224002,-0.47066188212226306,0.2655556763540198,-0.12901867838439773,4912,-34.241705574951666,142.12840783057447,,,,19.19660154323171,7,7,1,,18.24
202,Northern Basin,2022,0.4141276816591846,-0.4498680595819385,0.22901373503522618,-0.10426976308548924,4912,-29.451121219619505,148.71671389122704,,,,0.032161159661149324,8,15,4,,3.89
194,Northern Basin,2022,0.10184112768019073,-0.19350839292144673,0.05657966835011572,-0.07536858468079173,4912,-29.674816649979835,149.09333308807246,,,,0.0,3,17,5,,2.15
58,Wimmera Disconnected,2022,0.10739645914933102,-0.2304628920002027,0.07333968210259889,-0.09531915154038922,4912,-34.74101982857419,142.23796750526836,,,,0.0,3,20,3,,0.87
201,Northern Basin,2022,0.409259149712956,-0.4566570561661502,0.24045001667340019,-0.11029057381450769,4912,-29.458981172212525,149.85573316030744,,,,14.106653160437272,6,24,7,,8.54
249,Northern Basin,2022,0.4443291230552443,-0.4638152259980474,0.24525804520913955,-0.10055748637673073,4912,-28.177910898340816,148.539005067318,,,,0.01608636295140292,6,12,2,,10.37
44,Southern Basin,2022,0.4234662084272689,-0.48892163153324913,0.2421179765866296,-0.12396649554904193,4912,-35.82071298266281,145.47326583282597,,,,0.08046517072973694,6,12,3,,3.09
54,Southern Basin,2022,0.4330130310827037,-0.48516791617712896,0.2366720935680842,-0.11789553727319585,4912,-35.39106021864574,143.71583328997113,,,,0.322342926037925,9,13,3,,8.99
197,Northern Basin,2022,0.2855642077302186,-0.3290160664956192,0.15807647147856,-0.08318395680528405,4912,-29.57058319852831,149.4938097764304,,,,0.3467571345107242,5,8,7,,4.98
97,Lachlan Disconnected,2022,0.3742772823599955,-0.4220147012132671,0.21802639583781155,-0.10349790778396203,4912,-33.94339963781811,144.33858488848148,,,,0.0,4,9,1,,3.25
38,Southern Basin,2022,0.601501394766244,-0.6009715948054654,0.296176616710693,-0.11998239897678159,4912,-35.98860048268766,146.50026770470052,,,,0.0,4,11,7,,1.21
40,Southern Basin,2022,0.4965204209790076,-0.4922419506687634,0.23517787850972727,-0.09673700200965496,4912,-35.970364271922165,145.7764678659112,,,,0.0,3,13,7,,0.52
113,Southern Basin,2022,0.17491087602292144,-0.30102021079051927,0.13075870829122305,-0.11064777606514296,4912,-33.309446429699975,141.71626522181168,,,,0.0,5,0,6,,6.48
95,Lachlan Disconnected,2022,0.2891374780494836,-0.3585025737548728,0.18639015479414814,-0.09944655303313024,4912,-33.98610208581808,144.22226950002357,,,,0.0,4,0,3,,3.96
45,Wimmera Disconnected,2022,0.26014706365857176,-0.29360694943797105,0.16044116786724394,-0.07210534419935391,4912,-35.761113729401366,141.97318584909652,,,,0.49049581368922096,6,0,6,,4.81
189,Northern Basin,2023,0.3076395314909566,-0.46008112383837935,0.17334800706700826,-0.15299286170664494,6582,-30.150203968225355,145.42527429190957,,,,0.0,8,47,10,,10.87
198,Northern Basin,2023,0.40003154355761644,-0.4658655160702502,0.21230500016546577,-0.11950669221910351,6582,-29.5774101223222,148.97451863610823,,,,0.0,5,32,2,,3.47
66,Southern Basin,2023,0.3334207789865433,-0.43695045669663624,0.1974043818518291,-0.12880196242336436,6582,-34.48502693989819,145.22717985155194,,,,0.24995276215823417,254,45,25,,82.27
207,Northern Basin,2023,0.24927542316775553,-0.360769554681977,0.15263317991061914,-0.11675156354208399,6582,-29.315646600911947,149.2588731365815,,,,0.0,3,34,7,,3.73
53,"Coorong, Lower Lakes and Murray Mouth Ramsar site",2023,-0.32378416412698857,0.3930255901629727,-0.0855021737859039,0.10630168844698817,6582,-35.44365464149718,139.15951522420974,,,,0.0,6,56,9,,10.78
157,Northern Basin,2023,0.36897150223905445,-0.4753622860947921,0.20999367687331283,-0.13762877076125343,6582,-30.868537256536122,147.60946168868392,,,,0.0,3,34,3,,4.21
92,Wimmera Disconnected,2023,0.350215796579969,-0.4000299683526497,0.22932715002513693,-0.09993166237960222,6582,-34.11892216028266,141.15745487500297,,,,0.0,4,42,4,,4.39
41,"Coorong, Lower Lakes and Murray Mouth Ramsar site",2023,-0.27803248646376016,0.6886168386488591,-0.017553363760816346,0.3019571086038114,6582,-35.9099062587872,139.41209846711646,,,,0.0,3,31,2,,0.33
31,Southern Basin,2023,0.39374052852818137,-0.4431266922078621,0.22433113654408868,-0.1083798039134447,6582,-36.27981416577073,139.72859988365445,,,,0.650954390120106,3,18,2,,2.54
35,Wimmera Disconnected,2023,-0.2891487796669421,0.29410811546056165,-0.14724633617607655,0.06080535740956014,6582,-36.05130735373462,141.90585228001228,,,,0.0,3,29,4,,0.26
29,"Coorong, Lower Lakes and Murray Mouth Ramsar site",2023,0.2329879682366818,-0.2835164281943628,0.15717005553501462,-0.07691466962194494,6582,-36.34990973850532,139.754266240367,,,,0.008285082205885272,3,30,29,,4.84
211,Northern Basin,2023,0.07670170551775045,-0.1926356377732093,0.05686341401272836,-0.08490070045682539,6582,-28.988890958657397,144.83120113976025,,,,0.0,3,26,1,,2.0
114,Southern Basin,2023,-0.19674847533859108,0.25614213138403,-0.14874617485420238,0.07498588869498159,6582,-33.30325602366254,141.99908952532817,,,,0.0,8,19,4,,1.71
17,Southern Basin,2023,0.716507379082066,-0.6625628636821804,0.5008273196869525,-0.11093476657648182,6582,-36.50940885626763,147.069146542815,,,,1.7785570735964162,4,13,1,,3.19
23,"Coorong, Lower Lakes and Murray Mouth Ramsar site",2023,0.11890255832264415,-0.16564004792066275,0.04466859433114721,-0.05182300542333998,6582,-36.45909977101012,139.80078860312526,,,,0.0,4,23,35,,7.43
6,Wimmera Disconnected,2023,0.2860910837785302,-0.43391110126910054,0.1830231224747206,-0.1459102272500482,6582,-36.49763924998229,143.06477541915888,,,,0.4031444916015211,127,36,28,,59.99
169,Northern Basin,2023,0.260183322058917,-0.38582292183056205,0.14720062336635487,-0.12742042427477043,6582,-30.480184655715306,148.14947113841924,,,,0.024840171289737978,216,29,28,,119.18
250,Northern Basin,2023,0.26450048730478004,-0.394262925225399,0.1364524945694676,-0.1307575602133274,6582,-26.53955210676799,148.52796566562358,,,,0.27685697363622996,961,29,30,,301.33
219,Northern Basin,2023,0.17822833527210483,-0.307354231578763,0.10188496926822385,-0.11312120483841588,6582,-28.538944676653117,148.84670984149105,,,,0.07783320374279186,37,31,20,,34.79
21,Southern Basin,2023,0.36531309866450706,-0.4680415933018121,0.2342614347270495,-0.13469971651528442,6582,-36.4294295499165,144.18884846816303,,,,0.22011320470908974,61,25,37,,36.29
164,Northern Basin,2023,0.3160025453653902,-0.427927302927643,0.17099859712262352,-0.13035536361042974,6582,-30.50772286777716,150.0031058273611,,,,0.18486997057504206,142,23,33,,43.58
127,Lachlan Disconnected,2023,0.3117661558191498,-0.4541112389951571,0.16392595498529489,-0.14776028106943434,6582,-32.4639723490915,147.3709106332526,,,,0.07328045415817956,515,28,18,,216.96
243,Northern Basin,2023,0.2332714074885293,-0.40490597647312265,0.12170928264948087,-0.14963502288846187,6582,-28.406338003405992,146.69024787090729,,,,9.254517703271452E-4,55,25,14,,36.53
12,Wimmera Disconnected,2023,0.3201357572874134,-0.4349147260420517,0.194845281157069,-0.13289453271026566,6582,-36.4203150616171,141.90758520525958,,,,1.0348897780963147,67,20,24,,38.86
247,Northern Basin,2023,0.25640686386850814,-0.3569087691059733,0.1418355880188164,-0.11158251591618072,6582,-28.390045434756978,148.31380102940943,,,,0.019113021623339454,19,20,27,,21.12
25,Southern Basin,2023,0.6053375145372892,-0.6070930713225056,0.40029636444539546,-0.12212083697858761,6582,-36.43833531681675,146.44396348626012,,,,1.116642383757333,7,25,27,,12.17
215,Northern Basin,2023,0.21348603597817628,-0.46048052659365657,0.11297703539453766,-0.1908939015649234,6582,-28.535008275789483,145.0776735169304,,,,4.7471345556814693E-4,102,25,17,,41.84
10,Southern Basin,2023,0.6366252602768769,-0.6386943337799608,0.39180336538094207,-0.12856649615722565,6582,-36.54331443642372,146.6094899348219,,,,0.7094708742951525,43,21,18,,56.37
231,Northern Basin,2023,0.24464056436175405,-0.37480593265026924,0.13302224603327623,-0.12702733384545992,6582,-28.47128248665361,148.83077921382423,,,,0.2986894798311825,13,19,25,,14.23
242,Northern Basin,2023,0.22211275155159915,-0.33872316772104993,0.13409417738525786,-0.11438880001199028,6582,-28.41961942240718,150.2157628475134,,,,0.02448679593837623,5,17,7,,10.28
165,Northern Basin,2023,0.4384454751551203,-0.5056963580848135,0.23683237921723488,-0.12803962478883996,6582,-30.50541708578207,151.24388460919099,,,,0.1183004452218209,106,16,10,,65.05
226,Northern Basin,2023,0.18142172953813782,-0.40916688794951567,0.09152423373245092,-0.17293144095445426,6582,-28.53051769574989,145.4382457860743,,,,0.0028118348640811136,22,16,18,,20.73
24,Southern Basin,2023,0.4435356145838843,-0.5198497095464858,0.27527863878192443,-0.13449557989433772,6582,-36.404969209624504,149.13795565774876,,,,0.05578708771287865,23,14,12,,21.88
69,Lachlan Disconnected,2023,0.6015315714474866,-0.607114196891033,0.39353189163167673,-0.12365588955562509,6582,-34.46168657057093,149.29021031916128,,,,0.23639411570320515,160,12,12,,55.54
26,Wimmera Disconnected,2023,0.3011674699053011,-0.42124260074214576,0.18294020265000147,-0.13227857248316702,6582,-36.40354127564604,141.56530145153067,,,,0.3013384621401199,11,19,23,,15.49
186,Northern Basin,2023,0.296323310162447,-0.4116420292646521,0.15582891701200052,-0.12845589349381242,6582,-30.40250567807555,149.5884093135249,,,,0.1614855587110129,63,11,26,,42.31
271,Northern Basin,2023,0.3342669436743048,-0.45839475949920594,0.1691367365560351,-0.14133007822980165,6582,-26.432820993142524,146.6717087204505,,,,0.06278961848983823,7,25,7,,12.03
234,Northern Basin,2023,0.17977411459045314,-0.37361256203490567,0.09872521404987245,-0.15225789138476215,6582,-28.48999503376536,149.3437622236114,,,,0.0037577210362346094,6,17,8,,6.56
4,Southern Basin,2023,0.4599613746494294,-0.5318238263735396,0.28041056675165255,-0.13510974596435205,6582,-36.593810463962924,145.21505547523202,,,,1.7431294693922226,10,17,11,,10.73
130,Southern Basin,2023,0.3311180872263321,-0.49450414000660753,0.17984067191988162,-0.16425524911343162,6582,-32.519833742305515,144.67726564785156,,,,0.0028836858200098725,14,16,15,,17.55
218,Northern Basin,2023,0.1933308199808586,-0.4467923383681825,0.10687060205548468,-0.19074307502856602,6582,-28.52963857862867,144.30285502883092,,,,0.0,56,12,16,,34.15
180,Northern Basin,2023,0.29928661185771355,-0.4978379533882172,0.14732528107720502,-0.17898812728984487,6582,-30.450460583200908,146.0595263889263,,,,0.014255597082870577,29,11,7,,30.78
258,Northern Basin,2023,0.24747862897379794,-0.43701450737214337,0.12646676383069427,-0.16321725283376687,6582,-26.526727155273665,146.0250584696488,,,,0.07534347296313895,41,12,18,,24.26
166,Northern Basin,2023,0.4307444231503818,-0.49787185164884645,0.194032987939264,-0.12642534172915515,6582,-30.550851808383772,148.96649108234305,,,,0.009657180806714067,21,15,15,,27.99
179,Northern Basin,2023,0.22995074562109913,-0.4468135250728784,0.13981890184215734,-0.17610781679528736,6582,-30.506479133440312,145.12518115376255,,,,0.0,5,23,3,,4.43
120,Northern Basin,2023,0.5089093032293021,-0.5607521788217129,0.2522915905054596,-0.1328875860013069,6582,-32.68652022293247,149.1856022122552,,,,0.0,3,13,1,,0.75
49,Southern Basin,2023,0.3298139274120331,-0.46375206112861633,0.21146495948708768,-0.14632566571235653,6582,-35.70771723361596,139.25095993941153,,,,0.0,3,0,2,,0.01
65,Southern Basin,2023,0.3536212865242385,-0.438718706530668,0.210766841933861,-0.12178270930870541,6582,-34.53050005412377,144.56435599096173,,,,0.022645039664795395,78,25,15,,47.8
100,Lachlan Disconnected,2023,0.46007819726392896,-0.5234706721611958,0.2573802041651059,-0.1300511243911459,6582,-33.84685971288495,144.49282366349271,,,,4.162976786343543E-4,13,36,4,,12.1
104,Lachlan Disconnected,2023,0.49586137782596107,-0.4486010806584978,0.264029020142589,-0.07081609726471425,6582,-33.76817329543256,144.62953355992758,,,,0.0,3,12,1,,0.66
151,Southern Basin,2023,0.18103952720923222,-0.34023013782738626,0.12753754004112883,-0.13172227181273885,6582,-32.34074408225644,143.07160111210797,,,,0.0,3,8,8,,2.97
147,Southern Basin,2023,0.18570969441129462,-0.3225249066003514,0.1326219626476666,-0.11923106619569297,6582,-32.403176623269,142.6338896383468,,,,0.0,4,29,24,,7.68
245,Northern Basin,2023,0.27628893381286734,-0.4023648091919123,0.16121610708258063,-0.13090331199000044,6582,-28.43301373441088,150.82601109559505,,,,0.0,3,12,9,,2.63
144,Northern Basin,2023,0.39486030164088776,-0.48523356608632023,0.2618980312518661,-0.13319601899543704,6582,-32.42925899632445,148.72285442054581,,,,0.19821086838124638,3,23,35,,6.57
156,Southern Basin,2023,0.21037634269412553,-0.4472556601729468,0.13105470844878375,-0.18420285902611785,6582,-31.466283433598885,142.14140205735274,,,,0.0054861550959711385,6,18,1,,10.93
195,Northern Basin,2023,0.21228131307354886,-0.33102477243731926,0.11545351858452424,-0.11370233823297199,6582,-29.661202147127437,149.29250072910062,,,,0.06336247903835618,3,17,2,,5.66
171,Northern Basin,2023,0.17911961641085525,-0.3229255100232404,0.109395696185712,-0.12210745944960212,6582,-30.56509481523497,148.04454608893246,,,,0.0,5,19,4,,8.13
148,Southern Basin,2023,0.19463957782653576,-0.32948076325734765,0.13883526910168464,-0.11983262682379428,6582,-32.4001877202304,142.77266641205472,,,,0.0,3,26,10,,4.15
0,Wimmera Disconnected,2023,0.33182671245041584,-0.43743235109671463,0.19735410878888263,-0.1297287256778624,6582,-36.62095585308534,141.96907209182834,,,,0.0777653853162534,27,21,23,,13.67
223,Northern Basin,2023,0.22237909780767134,-0.47531701455873854,0.1204193572147913,-0.19623856961217456,6582,-28.562862013466624,144.90429315457564,,,,0.0,7,21,11,,6.54
244,Northern Basin,2023,0.2223276388423473,-0.31977444146241235,0.1287250004025501,-0.10293360934050849,6582,-28.442201171454315,149.6458339966445,,,,0.0,3,17,17,,2.92
217,Northern Basin,2023,0.2367484100379433,-0.34563713939693347,0.1264451145757993,-0.11268291962298276,6582,-28.532347771003145,148.15980508371558,,,,0.19405314279213745,57,12,9,,25.02
3,Southern Basin,2023,0.4569206578128858,-0.5373824242231549,0.24792471099002325,-0.13966119140873853,6582,-36.563737922007206,143.89718194151683,,,,1.704692894294134,21,24,29,,18.27
235,Northern Basin,2023,0.1930580126728405,-0.34414794747860905,0.11475223260436974,-0.12926556341802922,6582,-28.481284407860308,145.70041006022493,,,,0.0010474145106780023,16,6,11,,14.77
251,Northern Basin,2023,0.35809973821179486,-0.4557371284755413,0.1720777072190536,-0.1302023818006068,6582,-26.556907824226503,150.76971428682003,,,,0.059688233115327435,58,18,14,,36.1
68,Southern Basin,2023,0.343505424414687,-0.47674273655423477,0.18864523609162132,-0.14864347216666604,6582,-34.523644955185695,143.3093523179765,,,,8.877799615849534E-4,24,10,7,,17.32
132,Lachlan Disconnected,2023,0.33651496244103607,-0.48533650666997186,0.17855088291016075,-0.15659591902556866,6582,-32.4809711729911,145.02231932200547,,,,7.376699903274363E-4,46,13,14,,51.68
126,Southern Basin,2023,0.2437642115314043,-0.41901424193757414,0.13808983361310392,-0.15390286054998276,6582,-32.57809874720707,143.5205809739376,,,,0.0,6,8,1,,6.22
131,Southern Basin,2023,0.31304622620006634,-0.46323773748818003,0.170697535540071,-0.15272415201288148,6582,-32.528380010514525,144.12960878738338,,,,0.0032154247992991943,29,13,10,,27.22
175,Northern Basin,2023,0.3321619497123681,-0.3923459895568048,0.19999947490917003,-0.1025428138491356,6582,-30.516326464976316,150.7117575052784,,,,0.0022919707624075893,11,14,9,,16.47
236,Northern Basin,2023,0.2901287379272616,-0.4165489613246066,0.1684632244311954,-0.1338778816238593,6582,-28.489022738173585,150.68155538347472,,,,0.16419171249922487,5,16,8,,6.51
135,Lachlan Disconnected,2023,0.35714805917117787,-0.48792166288366745,0.17876573334820753,-0.14989377406172932,6582,-32.49154606078219,145.83126214415515,,,,0.02605304980638836,47,18,22,,53.07
263,Northern Basin,2023,0.2768703857629657,-0.40262566902864694,0.14038600260477702,-0.13082724711200186,6582,-26.48941373009237,151.03548931374993,,,,0.06148874436658769,12,19,17,,11.65
177,Northern Basin,2023,0.19091595353316126,-0.40603683350495434,0.11256383061008944,-0.16725571868970807,6582,-30.515167794278632,144.11275999053015,,,,0.0,6,8,5,,4.13
153,Northern Basin,2023,0.2761355395365215,-0.4271593830438329,0.1673094283986414,-0.14584141401169112,6582,-32.26088227595549,148.1353112656326,,,,0.042016221353499854,8,14,1,,13.98
227,Northern Basin,2023,0.19763522353834506,-0.34107074844350893,0.10943901748146823,-0.1255883596507673,6582,-28.465112356591725,146.1008575930393,,,,5.801228877725633E-4,23,17,25,,24.0
191,Northern Basin,2023,0.15925394573265955,-0.25608555736429073,0.1140402022936505,-0.08994975612551061,6582,-30.070464145427998,145.9825997223511,,,,0.0,3,18,1,,6.06
71,Southern Basin,2023,0.4147287016499867,-0.5109060138464937,0.22081996293634526,-0.14065212764790153,6582,-34.48368429525622,146.5327586159696,,,,0.28784419894895436,7,9,5,,12.56
89,Lachlan Disconnected,2023,0.46996907864580834,-0.503990757625517,0.2625873569949201,-0.11440682311698688,6582,-34.16935429235431,144.36270093380094,,,,0.0,3,11,1,,1.42
83,Southern Basin,2023,0.3105007691281195,-0.43039264380792774,0.18698865042317467,-0.1340352786335088,6582,-34.22287404873925,146.15159903937297,,,,0.31053621903809825,3,14,1,,4.41
2,Wimmera Disconnected,2023,0.2487607548367652,-0.3971833290932101,0.1588320224330988,-0.13880569552121996,6582,-36.59290538459189,142.6424076407675,,,,0.30012907420979373,10,17,13,,18.24
141,Southern Basin,2023,0.20743667745224012,-0.39404531422502265,0.12688604901941328,-0.1534525175541175,6582,-32.475010902600026,142.95862266771738,,,,0.004048270029635262,5,16,8,,11.22
145,Southern Basin,2023,0.23025986396706413,-0.42383504556143536,0.12919701073449877,-0.16219708175003555,6582,-32.41500621274557,143.4669391888487,,,,0.0,4,4,1,,5.42
163,Northern Basin,2023,0.5311650948776614,-0.6066813045705265,0.26255987716742607,-0.15154274479125135,6582,-30.61211383769263,147.66400099160998,,,,0.0019762960724021865,3,7,1,,7.38
252,Northern Basin,2023,0.39963317820522337,-0.4822661845104657,0.18107065284960383,-0.12950643942419005,6582,-26.55479611795656,150.30678984303984,,,,0.06847428383225172,65,9,8,,53.11
222,Northern Basin,2023,0.22658155907091637,-0.39126168724191107,0.10100862346317774,-0.14412438871678007,6582,-28.56802457044159,147.22794392194368,,,,0.0,4,5,5,,3.61
216,Northern Basin,2023,0.2506658295529682,-0.3680287614090397,0.1295451968766684,-0.12055092502423653,6582,-28.579247314300876,147.99956567347732,,,,0.03370563466433089,11,9,3,,19.33
124,Southern Basin,2023,0.31788613036646013,-0.4854290402423425,0.17873506653446497,-0.16410297199882146,6582,-32.62425656385572,143.85926515832296,,,,0.0,4,7,5,,2.1
125,Southern Basin,2023,0.322576633196139,-0.4988209415376688,0.1694129407187308,-0.17026191164414564,6582,-32.58944653407655,144.52851136939663,,,,0.0,7,15,13,,9.59
221,Northern Basin,2023,0.19185349914662378,-0.34703945140130543,0.11554204243971838,-0.13148227118213374,6582,-28.579260432041313,145.8425649844291,,,,0.0,3,6,7,,3.87
155,Northern Basin,2023,0.2185461326978447,-0.32808636607813063,0.14798993731937626,-0.10943336656774048,6582,-32.16694424445423,148.39519928583692,,,,0.26615252295712943,3,16,1,,4.48
123,Southern Basin,2023,0.36751620996480505,-0.5053789799508497,0.1864976247780351,-0.15622090398458777,6582,-32.588238972078784,144.37017107166088,,,,0.0,9,6,6,,13.44
140,Northern Basin,2023,0.4457692265262494,-0.5242637119229367,0.2720155982184517,-0.13625053654326225,6582,-32.502567451714,149.58120216330903,,,,0.447645443034713,14,5,3,,18.9
70,Southern Basin,2023,0.1875126508386021,-0.409030675471263,0.11772854342179945,-0.1704133449473169,6582,-34.5211152863588,140.4888847058167,,,,0.02446333655367304,4,4,1,,8.39
230,Northern Basin,2023,0.20713047304838547,-0.367068915992156,0.10636581188865726,-0.1373891603759394,6582,-28.475630104763482,147.49078485205155,,,,0.0,19,5,2,,16.96
18,Southern Basin,2023,0.4523987624536813,-0.5323651570087906,0.27500417951642997,-0.13845958922380183,6582,-36.502567636405146,145.59094782088025,,,,0.16123053989191488,8,13,3,,9.25
254,Northern Basin,2023,0.43018118695336205,-0.4934864018584615,0.18825538685582083,-0.12401936633373203,6582,-26.60470588975841,150.3321624995054,,,,0.034637037801718194,6,13,9,,3.08
185,Northern Basin,2023,0.1340616240391355,-0.4308971076737544,0.0796981158776523,-0.20491361498859842,6582,-30.47444798698685,143.52777516558024,,,,0.0,5,4,2,,6.4
229,Northern Basin,2023,0.22150926532986348,-0.3779352866503893,0.12482611473199617,-0.13815746585828814,6582,-28.49825003631421,146.37267678350747,,,,0.005397491373009622,16,9,17,,20.26
28,Southern Basin,2023,0.7219420269520093,-0.6966133979847652,0.36802304863021,-0.1291912280100554,6582,-36.36946887327191,146.7391313073495,,,,0.5868585438313829,10,14,18,,6.78
173,Northern Basin,2023,0.41214868515393294,-0.513883429279092,0.18686975238975254,-0.143470583505882,6582,-30.51580809939653,146.6540832294005,,,,0.0,7,9,8,,10.55
260,Northern Basin,2023,0.280399881418473,-0.4546762210999006,0.14099713153049434,-0.16064578009255115,6582,-26.522538392696834,146.39848440964175,,,,7.891171628615004E-4,22,12,19,,27.73
119,Northern Basin,2023,0.3156213193105117,-0.45767897561654214,0.17929534174146086,-0.14835885764572063,6582,-32.687730900634314,148.1423451783925,,,,0.09928587185081238,7,6,1,,16.22
241,Northern Basin,2023,0.25294373558168687,-0.43250283538257267,0.12047821013132112,-0.15832420699686883,6582,-28.416456083509214,147.28361229913673,,,,0.0,11,5,9,,11.14
269,Northern Basin,2023,0.22000255949911346,-0.4127942822502209,0.1188696761472563,-0.15967554555048716,6582,-26.476018026401192,145.4390660729698,,,,0.0,3,4,5,,5.0
5,Wimmera Disconnected,2023,0.2601757361356564,-0.3922982753920621,0.17245661407579943,-0.13130867078097466,6582,-36.60120303968699,142.36990259053402,,,,3.415065569599953,5,6,1,,4.6
257,Northern Basin,2023,0.28714334061953933,-0.4518440251199481,0.15951633120220748,-0.15624907882415312,6582,-26.534164343599233,146.6221378363626,,,,0.0,6,11,16,,10.23
76,Wimmera Disconnected,2023,0.38797259033629894,-0.5168248336734339,0.25319352421969354,-0.15490586406954074,6582,-34.37277769793414,142.15832206916878,,,,0.24692458969482012,4,5,1,,7.9
262,Northern Basin,2023,0.26447565293010433,-0.4043648096298923,0.1316474603870676,-0.13682862460589362,6582,-26.511391258397566,151.16667794631593,,,,0.01902021289212407,4,8,1,,4.44
213,Northern Basin,2023,0.19438681303323882,-0.4208355169047043,0.10495041261167648,-0.17474658492952705,6582,-28.656981098400454,144.86712220129672,,,,0.0,5,4,1,,4.72
168,Northern Basin,2023,0.46522616532579586,-0.528991625182247,0.2999759680808058,-0.13130450897902982,6582,-30.583057090057604,150.4383876130912,,,,0.0,3,2,1,,2.84
133,Lachlan Disconnected,2023,0.36088289578011623,-0.48820569439323197,0.20374451941528832,-0.14857025832389267,6582,-32.56249524244031,145.01788991814624,,,,0.0,3,6,1,,3.69
118,Northern Basin,2023,0.25207237481139416,-0.37870799006666894,0.13735639199828853,-0.1263958441154437,6582,-32.90435339261042,148.09016665095928,,,,0.28939440835128855,3,8,1,,7.19
190,Northern Basin,2023,0.24732573898596205,-0.4608247748194814,0.13269968520024236,-0.17756456929730402,6582,-30.118680245620524,144.96542048781555,,,,0.0,4,4,1,,11.69
77,Southern Basin,2023,0.2907124212334488,-0.4512055241804739,0.17962837349272073,-0.15443834601490475,6582,-34.36881908193087,147.05504702990947,,,,0.2271993465135791,11,3,2,,12.5
19,Wimmera Disconnected,2023,0.23827054755448765,-0.3881181441918597,0.16103200653734281,-0.13756266749332074,6582,-36.4913335280862,142.4446228221447,,,,0.27314795707921413,5,3,2,,7.83
79,Southern Basin,2023,0.2895031533133681,-0.4154320689318602,0.1771720635411328,-0.13345798003376885,6582,-34.36833133099326,144.9238997116025,,,,0.0,3,2,1,,1.63
182,Northern Basin,2023,0.33627345962127275,-0.4883583309035033,0.158277148023017,-0.15850561469359284,6582,-30.4708500825012,146.4287229690581,,,,0.005199293864738394,12,5,12,,18.98
233,Northern Basin,2023,0.2862826098349082,-0.3927059854625211,0.1643955779641756,-0.12111054734354935,6582,-28.499946344234672,150.44594625036098,,,,0.6130298362281372,4,4,2,,5.94
122,Southern Basin,2023,0.3606163684368177,-0.48802079434185175,0.18126458728260897,-0.14856592923038398,6582,-32.63517602988736,143.9701445241063,,,,0.0,4,1,2,,4.49
134,Lachlan Disconnected,2023,0.3866115337810497,-0.4903833398945241,0.18407868070505082,-0.13958539042429458,6582,-32.56915622927274,146.94621877104103,,,,0.038190393242732504,6,3,1,,13.0
183,Northern Basin,2023,0.22041693724329275,-0.3743812337062519,0.12176513338600402,-0.13646196532643404,6582,-30.47827269431488,149.1392374151787,,,,0.007824035418395818,5,5,1,,7.31
176,Northern Basin,2023,0.5071884621281875,-0.5356132347403982,0.1918543191797354,-0.11849255599296393,6582,-30.517825031413864,149.40270592097278,,,,0.0,10,4,2,,13.56
146,Southern Basin,2023,0.27134609166001417,-0.43193887177555407,0.14385532212671162,-0.15062488640132674,6582,-32.42870986650814,143.6546416956674,,,,0.0,3,5,5,,5.67
259,Northern Basin,2023,0.3634318307140449,-0.46496849791843003,0.17261116381342514,-0.13360836646544008,6582,-26.520293411675848,146.75087955841877,,,,0.0,9,5,2,,12.0
11,Southern Basin,2023,0.4117156787595917,-0.5141753771463803,0.24219660763824896,-0.14381895478399148,6582,-36.56082144730341,144.25571243014852,,,,0.3155024228901608,5,3,2,,8.57
238,Northern Basin,2023,0.16896988345068703,-0.43103729429974647,0.09679945375863959,-0.19103442319957306,6582,-28.45845852064964,144.4832267740213,,,,0.0,8,2,6,,10.87
13,Southern Basin,2023,0.6195189716855292,-0.6219394475679667,0.39994653418248427,-0.12535607986656835,6582,-36.5244469637071,146.23279271838294,,,,0.5735677532359581,3,6,5,,5.04
174,Northern Basin,2023,0.4500792786273593,-0.522298816392665,0.2896682126719845,-0.13334757838465525,6582,-30.486175402933068,150.4665307365819,,,,0.1316266760075631,12,2,1,,13.03
248,Northern Basin,2023,0.2391878993485653,-0.3898203914424365,0.12021699999134752,-0.13821707512603576,6582,-28.423426392383984,146.98332211066105,,,,0.0,3,2,1,,6.69
15,Wimmera Disconnected,2023,0.3758304109461497,-0.4856688811322349,0.23294895388568856,-0.14106916430088104,6582,-36.50691865110461,143.5037033410514,,,,0.23699198006579653,5,5,3,,9.09
162,Northern Basin,2023,0.24535292525744845,-0.4067469891050224,0.14113192801795296,-0.14590702336003403,6582,-30.62389535002289,147.10653832012588,,,,0.0,5,2,1,,11.27
265,Northern Basin,2023,0.2471903615006718,-0.37008295829626886,0.13613894838382765,-0.1231736303774926,6582,-26.491825160226817,148.9234931442528,,,,0.0329690362568896,4,4,4,,5.65
267,Northern Basin,2023,0.24342640842910915,-0.41772827748551744,0.12159608814106625,-0.15326640311966677,6582,-26.49125804104311,144.99525430652986,,,,0.0,3,2,12,,5.37
255,Northern Basin,2023,0.25598806091094595,-0.4403581031786262,0.1284137727609137,-0.16181963754279738,6582,-26.570200864131834,145.84976791615148,,,,0.019568108399987853,6,3,1,,5.7
239,Northern Basin,2023,0.22843540408213475,-0.3514209194601606,0.1276096009243972,-0.11947839004324244,6582,-28.451562643177834,148.59583480811537,,,,0.010922388962227325,10,3,2,,15.94
14,Southern Basin,2023,0.7613273984535771,-0.7590662879146044,0.3569311844896769,-0.15090881336733175,6582,-36.51944682566375,146.93333415569066,,,,0.0,3,5,1,,5.04
149,Lachlan Disconnected,2023,0.34306755796339733,-0.4868293423776037,0.16321502659888837,-0.1548705822412033,6582,-32.38699959684822,146.23728081499522,,,,0.0,5,1,3,,10.11
75,Lachlan Disconnected,2023,0.6053306680625068,-0.6331466120514939,0.3379312826832157,-0.13775570000589363,6582,-34.387499821758894,149.72732292153563,,,,0.0,3,2,1,,3.2
16,Southern Basin,2023,0.4008816504813474,-0.5021386802052273,0.2356902743128914,-0.14093054793059745,6582,-36.50622526824205,143.70167127763273,,,,0.17731184975876405,4,3,2,,9.09
261,Northern Basin,2023,0.2408477021660252,-0.45985821961378287,0.12239296674908462,-0.17957585090185962,6582,-26.53822485515291,145.42911227992815,,,,0.0,3,2,1,,6.46
138,Lachlan Disconnected,2023,0.2463280235831741,-0.40564198607183644,0.12173192871978264,-0.1448539822098322,6582,-32.544448278363674,146.6888918882428,,,,0.0,3,3,1,,6.37
266,Northern Basin,2023,0.2682556498930365,-0.43894982338972677,0.12235349653300906,-0.15606763407662144,6582,-26.49148580170649,145.3355336697181,,,,0.0,6,1,2,,8.86
237,Northern Basin,2023,0.22259682266533926,-0.4397631136690248,0.12135521352946133,-0.1748191391352792,6582,-28.48907193585345,144.60862184229092,,,,0.0,4,2,7,,2.51
136,Lachlan Disconnected,2023,0.26152585448041343,-0.4338639149602986,0.13477442332972533,-0.15570800718401373,6582,-32.54074073414157,146.75740691903286,,,,0.0,4,2,3,,7.56
220,Northern Basin,2023,0.20591811841634933,-0.35965153706609865,0.11512099396803605,-0.13342367487311946,6582,-28.53722235867652,147.76195481179684,,,,0.003013999011285402,15,3,7,,30.21
8,Southern Basin,2023,0.6260115483210433,-0.6250029518529897,0.39947253660608195,-0.12459715178337649,6582,-36.58990741530415,146.17667627128952,,,,0.020459939438579242,3,3,1,,4.2
228,Northern Basin,2023,0.19672963425605436,-0.45801257955823704,0.10607656820493114,-0.19611569403252044,6582,-28.494712037563684,144.72364874269624,,,,0.0,6,2,9,,10.7
20,Wimmera Disconnected,2023,0.22623043614311034,-0.3878868365985197,0.14904038825072155,-0.14223992750186767,6582,-36.48666918312899,142.61212388414046,,,,0.6055875052064208,6,4,2,,10.85
142,Southern Basin,2023,0.19176843010072359,-0.38000774668158516,0.12291204463111667,-0.15129727596866166,6582,-32.47629871995172,142.82426305290198,,,,0.0,3,2,8,,5.83
240,Northern Basin,2023,0.25951981035432525,-0.4436559525181076,0.13182985444746362,-0.1623856473691344,6582,-28.46899868133785,147.1921116032438,,,,0.0,3,3,1,,4.09
106,Lachlan Disconnected,2023,0.3456453599503328,-0.46686984147633764,0.1904741319136734,-0.14186376090566946,6582,-33.59067592074627,147.15421201195582,,,,0.025183974452353864,4,1,1,,6.91
268,Northern Basin,2023,0.2751044512778506,-0.4294746101822115,0.1447074264613182,-0.14764298559818664,6582,-26.44865078916653,146.97951311196493,,,,0.0,6,3,5,,9.39
73,Wimmera Disconnected,2023,0.19855392128263064,-0.48428989669558686,0.11660025888559587,-0.21115236950429983,6582,-34.462960823358806,141.492044698323,,,,0.0,3,3,1,,1.23
22,Southern Basin,2023,0.4326201119746979,-0.5214089756996187,0.2656203301623174,-0.13979734062989208,6582,-36.45481433328731,143.91333270827604,,,,0.03268719973531207,4,3,1,,3.78
181,Northern Basin,2023,0.4673015074464848,-0.5162627554813086,0.19768125904656791,-0.12283705031019126,6582,-30.49991983179012,149.0329680581784,,,,0.0,4,2,2,,9.98
256,Northern Basin,2023,0.2570812637483212,-0.46610655012201185,0.12187815055117045,-0.17683142457387863,6582,-26.56079736323859,145.16204138385993,,,,0.0,3,1,6,,4.89
253,Northern Basin,2023,0.4396422188128173,-0.5173388288444287,0.18337770451953556,-0.1345464097815303,6582,-26.61722297696725,147.65333343284834,,,,0.0,3,1,1,,2.1
143,Southern Basin,2023,0.20550078373599137,-0.361338240291704,0.12125357689851005,-0.13460263068062586,6582,-32.446913294200066,143.07762361013428,,,,0.0,4,1,8,,9.06
139,Southern Basin,2023,0.350561607054231,-0.5180627188294081,0.18159599119875466,-0.17061298847595244,6582,-32.527777925298,144.55554841022817,,,,0.0,3,1,1,,7.85
187,Northern Basin,2023,0.29810304939063365,-0.4535175313981485,0.12741073724989754,-0.15286929908263563,6582,-30.419610292037373,146.28740184421903,,,,0.0,4,1,4,,5.58
264,Northern Basin,2023,0.3379999854576647,-0.4763529442456469,0.15701271523021842,-0.15061177236432222,6582,-26.499613646866113,145.57084318048712,,,,0.0,3,1,1,,4.96
225,Northern Basin,2023,0.21091380754494782,-0.36099048786263804,0.11898428584377782,-0.13222876969960368,6582,-28.564944945611845,148.30627797773198,,,,0.0,3,1,1,,1.09
232,Northern Basin,2023,0.15333011296184165,-0.4586577027590193,0.0865647288737686,-0.21386257647067491,6582,-28.499555827291697,144.10088918265822,,,,0.0,4,1,1,,4.55
101,Lachlan Disconnected,2023,0.46393803013917156,-0.5344671893260113,0.214616552473007,-0.13510510153993815,6582,-33.79203704832239,147.036668305599,,,,0.0,3,1,1,,3.09
270,Northern Basin,2023,0.3219917686646598,-0.46191000823054984,0.1581455935715429,-0.148349297472466,6582,-26.486482277559734,146.168999777574,,,,0.0,3,0,1,,5.85
224,Northern Basin,2023,0.17485338208708429,-0.3383193286938461,0.09799307535497326,-0.13305024438147395,6582,-28.558335070584043,148.43888904501134,,,,0.0,3,0,1,,5.61
59,Lachlan Disconnected,2023,0.44015402657995034,-0.5075918399983222,0.24316589116221982,-0.12849349336701318,6582,-34.47670435165766,143.8484720211485,,,,0.07117775554730926,515,57,35,,97.73
61,Lachlan Disconnected,2023,0.42260641599076637,-0.5156095423030645,0.2588768814382131,-0.14032315898553216,6582,-34.486044010750184,147.20588876793917,,,,0.43045836132918747,1197,43,38,,309.83
204,Northern Basin,2023,0.30238349415175836,-0.41200406616561647,0.16985377958863018,-0.12624904203866652,6582,-29.32042126334943,149.31487788855142,,,,0.03102845485168524,90,70,11,,39.4
206,Northern Basin,2023,0.4186154862093376,-0.5046277780640505,0.20830490187766268,-0.1353304723546952,6582,-29.323399031049497,149.53442637186225,,,,0.0,9,54,11,,6.33
209,Northern Basin,2023,0.21790305255556983,-0.345244458537899,0.12385221665311741,-0.11998545410051144,6582,-29.235615550597743,149.49812048741865,,,,0.03497401538420047,14,38,10,,9.79
196,Northern Basin,2023,0.2422447521039701,-0.35886828812982574,0.12805207589304088,-0.1184230720363074,6582,-29.569205138333523,149.2713657507307,,,,0.04146019112790954,19,43,10,,13.1
203,Northern Basin,2023,0.3521845985327703,-0.45289197082511634,0.19440072082012383,-0.13086134308196165,6582,-29.416183333746332,149.55488375978487,,,,0.07194916773464713,11,24,11,,8.68
199,Northern Basin,2023,0.3267335461192614,-0.4242556978361925,0.1666358777563183,-0.12386000025401092,6582,-29.55693449632413,149.6423110422227,,,,0.31459209620582473,10,38,11,,11.89
200,Northern Basin,2023,0.4534045725500041,-0.5173006827534352,0.223722701718604,-0.12901858063205945,6582,-29.567642880871336,149.40833253394237,,,,0.0,4,14,10,,0.47
103,Lachlan Disconnected,2023,0.6111308760306455,-0.6359735028685123,0.31930058252004745,-0.13713175130884914,6582,-33.76923924153148,144.88389374390823,,,,0.0,5,28,7,,5.11
50,Southern Basin,2023,0.02267666324832899,-0.002154767740157074,0.08534660216747461,0.007777804655237352,6582,-35.57954737151655,138.98244430500864,,,,0.07441013236606196,19,54,12,,18.11
212,Northern Basin,2023,0.08113902267218216,-0.2003752742982449,0.072407745567723,-0.08776955551007407,6582,-28.706068976707233,144.29122911360335,,,,0.0,22,58,10,,13.35
121,Southern Basin,2023,-0.03952191109334441,-0.018114558357089,0.006656729609952709,-0.02667749945159116,6582,-32.415219715834375,142.33209584904355,,,,0.12361583620086437,142,50,31,,59.37
161,Northern Basin,2023,0.30777311783475775,-0.44055470343439884,0.17208607141540772,-0.1412235749267362,6582,-30.524839013256408,147.20181387588815,,,,0.010962373206149355,196,44,36,,79.96
159,Northern Basin,2023,0.15797914809039593,-0.3785674138111688,0.10052355583378417,-0.1639487890505429,6582,-30.560263843023613,143.72094818115335,,,,0.0015677780567571078,68,59,38,,39.62
48,Wimmera Disconnected,2023,0.19721218574763782,-0.27687346962134995,0.1530315800274741,-0.08723920747375483,6582,-35.637507882458365,143.80109836954634,,,,0.44182601448130365,93,41,11,,27.38
51,"Coorong, Lower Lakes and Murray Mouth Ramsar site",2023,-0.11857219306923007,0.18169799978420076,-0.05221329732033781,0.061589922642828414,6582,-35.611142633677176,139.2815726843277,,,,0.0,8,57,15,,6.4
33,Southern Basin,2023,0.547047188131555,-0.570103946403944,0.2834712344930222,-0.12324349258974437,6582,-36.20033684881396,139.67825308528748,,,,0.23646603887563128,5,54,14,,6.0
7,Southern Basin,2023,0.32533726744652813,-0.4016227331475597,0.22436554531193928,-0.11083873290992455,6582,-36.50224246871706,144.94189056516882,,,,0.626120701961066,164,50,39,,33.12
105,Lachlan Disconnected,2023,-0.20386594013983692,0.16760367071589777,-0.14370268504167943,0.019015826373603884,6582,-33.620847191218196,147.4705607531148,,,,0.0,8,61,14,,5.28
96,Lachlan Disconnected,2023,0.3720368703924735,-0.4639760304983838,0.22377248457315013,-0.12957087014204088,6582,-33.888764217717146,144.63475925837625,,,,0.004268319219583861,39,35,6,,20.69
167,Northern Basin,2023,0.19476681757843975,-0.43438234597702485,0.11319195912760886,-0.18272268055483898,6582,-30.517715805329825,144.27799574442355,,,,4.6045949957694977E-4,70,38,21,,38.21
192,Northern Basin,2023,0.06683097849119023,-0.03550694774162705,0.041002976403423715,0.005428222751499866,6582,-29.831323733800705,147.3621809639695,,,,0.0,14,55,9,,9.41
129,Southern Basin,2023,0.1856185173691887,-0.29437395302495495,0.1211557513474147,-0.10237696486729747,6582,-32.49679190631206,143.31825551460284,,,,0.0016419500267021644,59,43,21,,33.61
214,Northern Basin,2023,0.2828637643929357,-0.39012493079246685,0.151833409112782,-0.12092945271830581,6582,-28.52114912671,150.1910420092735,,,,0.2602709340965451,808,55,41,,219.48
34,"Coorong, Lower Lakes and Murray Mouth Ramsar site",2023,-0.0397765129922984,0.5312003035618564,-0.0026614672651165505,0.3028095769401945,6582,-36.09834191545781,139.58589351201206,,,,0.0,4,32,3,,1.39
108,Lachlan Disconnected,2023,-0.21687834606765305,0.2789352105648551,-0.024814856807158715,0.08060978791185183,6582,-33.484177526413944,145.99076454602104,,,,0.08446526416868692,10,47,8,,9.97
46,"Coorong, Lower Lakes and Murray Mouth Ramsar site",2023,-0.13381891393617937,0.22427815181686747,0.07031569958289713,0.08103932551564874,6582,-35.75222063253914,139.22493370015562,,,,0.0,4,39,3,,1.44
172,Northern Basin,2023,0.21183332478693864,-0.3348378366728052,0.13156015623041017,-0.11616937208890767,6582,-30.55424463206129,144.99071719136592,,,,0.0,5,40,41,,12.84
128,Southern Basin,2023,0.2785759498668956,-0.3709286154892407,0.192047819613555,-0.11112678934678619,6582,-32.593023052984826,142.08508659847308,,,,0.0010190836564129859,4,34,28,,5.98
1,Southern Basin,2023,0.48609473925841223,-0.5481243416406121,0.2983944755195263,-0.13443670928100232,6582,-36.52699679418343,145.61297828487426,,,,0.778595093534488,229,48,42,,87.26
178,Northern Basin,2023,0.20789671197312865,-0.44858376702738856,0.1185193572291487,-0.18599157542718164,6582,-30.454521055058947,144.53795803246143,,,,0.0,23,40,19,,24.63
78,Southern Basin,2023,0.308801792973049,-0.37858542523362865,0.2052111397979257,-0.10363053795095757,6582,-34.312094509849366,140.61955356822298,,,,1.6836686421167417,51,32,8,,21.81
160,Northern Basin,2023,0.2150825761859033,-0.4238175751080325,0.12998128760067246,-0.16825751459045812,6582,-30.538062431182574,143.96175180929785,,,,2.3521121225099308E-4,52,37,24,,35.69
74,Southern Basin,2023,0.18527562028541605,-0.3777108904093032,0.12254942910612439,-0.1525162861314155,6582,-34.42818334227467,140.8511649249334,,,,0.0,6,35,37,,7.12
158,Northern Basin,2023,0.11328216307594381,-0.09532460803354242,0.06938433319974913,-0.011881899589747918,6582,-30.74123910638801,143.5764646449102,,,,0.0,9,41,7,,7.12
62,Wimmera Disconnected,2023,0.2815496928652535,-0.43490709032276,0.1761567056499586,-0.14832437704755458,6582,-34.5087766549619,142.22361159768099,,,,0.21465422516006835,122,31,35,,59.47
208,Northern Basin,2023,0.3082495234672252,-0.41160729542329955,0.1588627125818049,-0.12366456786708964,6582,-29.263310150326955,144.91096835917634,,,,0.0,5,35,4,,4.73
193,Northern Basin,2023,0.29694463742715277,-0.37118345173822426,0.15950449422139829,-0.10393221607207344,6582,-29.740882272033062,147.46054464542684,,,,0.0,25,37,8,,10.3
85,Southern Basin,2023,0.2498004374613422,-0.3163927008978611,0.16171193229556946,-0.08991544555417975,6582,-34.09843776072328,140.76775052646093,,,,1.8099833850284792,52,30,10,,26.96
63,Southern Basin,2023,0.32357420870237225,-0.4121423038644097,0.19039461838466776,-0.11785569883769689,6582,-34.56133009760159,142.79523496008218,,,,1.1231567503368636,45,35,39,,30.52
57,Wimmera Disconnected,2023,0.36380020349372183,-0.44979349545307146,0.20017837573851097,-0.12435601587435413,6582,-34.726011601431836,142.40899990477752,,,,0.061087739249864756,133,29,11,,18.83
52,Southern Basin,2023,0.15644858240258855,-0.14538935000030032,0.1613654570529854,-0.02465417703914477,6582,-35.51318573926577,138.81393799455475,,,,7.926458860943263,5,35,3,,6.59
32,Wimmera Disconnected,2023,-0.10165351127235453,0.1733495944964053,-0.03363476006032089,0.06334835218890136,6582,-36.257689284530954,142.96309919891235,,,,0.0,6,34,10,,3.73
72,Southern Basin,2023,0.31580028969902957,-0.42060682880783534,0.2066327687948739,-0.12604398140508938,6582,-34.41971079852517,140.56820506501472,,,,2.9213706988206,28,34,31,,25.83
137,Southern Basin,2023,0.20481810996320307,-0.41708817522420644,0.12571975049339001,-0.16832566114924263,6582,-32.50582807900445,142.00303851286526,,,,2.2457206158911684E-4,28,35,20,,22.53
154,Southern Basin,2023,0.17426247676280185,-0.2607285459965407,0.12425477541104067,-0.08673213689280367,6582,-32.1886649886025,142.65684800927096,,,,0.004306358374279258,26,29,8,,19.05
39,Southern Basin,2023,0.6379339394910212,-0.6451168870505197,0.289894237846485,-0.13189655643390336,6582,-35.86678250771226,144.9981164819936,,,,0.03833185559908078,88,28,13,,27.57
80,Southern Basin,2023,0.208311178048139,-0.27192575780678346,0.15452866298131043,-0.07983098346481447,6582,-34.26699979379736,140.40010206305595,,,,3.1118202799543715,26,33,8,,21.34
170,Northern Basin,2023,-0.0328375018367589,0.07414983681204852,0.08167907382243376,0.03135490135252555,6582,-30.561298325547423,150.68025557491208,,,,0.0,6,31,28,,3.62
91,Lachlan Disconnected,2023,0.45911011046495204,-0.4878922295265144,0.27335976555604513,-0.10909129352992783,6582,-34.087427864326365,144.53279191631097,,,,5.583705370607454E-4,28,34,7,,25.39
107,Lachlan Disconnected,2023,0.04705712392340731,0.0351431618454861,0.036430969392601445,0.03990874667665458,6582,-33.51553308047087,147.393834770132,,,,0.0,4,42,11,,6.47
116,Southern Basin,2023,0.06905537112952659,-0.1977996719094023,0.07390805543498563,-0.09105765469383076,6582,-33.16063971645203,141.9357886255454,,,,0.0,6,29,4,,4.04
84,Southern Basin,2023,0.1814192346968582,-0.3958937153312597,0.12166616432454469,-0.16496853532001254,6582,-34.21918420140352,139.87727060296652,,,,0.0,4,19,6,,4.17
94,Wimmera Disconnected,2023,0.2756355375604964,-0.3568038781473457,0.17938565576352147,-0.10382811186420884,6582,-33.96788136144898,140.95077045759248,,,,0.013892052998090414,34,29,10,,22.69
210,Northern Basin,2023,0.2214487047582834,-0.3593915998369428,0.1455160776696887,-0.1270554779988523,6582,-29.215208199418658,149.11272275105796,,,,0.0,17,29,5,,5.57
37,Southern Basin,2023,0.5024618776564198,-0.5489496923002538,0.26673451915092894,-0.1283850643175843,6582,-35.93948466947541,144.48171412538778,,,,0.06816082800469225,17,17,8,,13.53
86,Lachlan Disconnected,2023,0.2331624448901369,-0.3574095027668457,0.14660840336539832,-0.12118072370405264,6582,-34.1708203022644,143.9556978509823,,,,0.0,20,24,4,,9.52
87,Wimmera Disconnected,2023,0.3327205422777453,-0.3928291844488683,0.21062662035124438,-0.10260929375822284,6582,-34.13993527111621,141.72281503041881,,,,0.028415947476102533,41,27,9,,33.38
117,Southern Basin,2023,-0.39039850636723566,0.48320496036774524,-0.2471303362971422,0.13376357367375283,6582,-33.1369795059951,141.71741704337836,,,,0.0,6,22,5,,2.48
111,Southern Basin,2023,-0.3326350309241954,0.49998269630500786,-0.15484815992879528,0.16693560541332655,6582,-33.35313651658158,141.83373376628498,,,,0.0,5,24,8,,0.8
152,Southern Basin,2023,-0.3962705534806922,0.5913902197040565,-0.10441953406908346,0.196325910430157,6582,-32.31412293042263,143.37209941404686,,,,0.0,6,33,4,,2.5
110,Southern Basin,2023,-0.4312534367318336,0.566399472562441,-0.25969894619909695,0.1673383088447312,6582,-33.419917798437396,141.8829894075693,,,,0.0,5,30,6,,1.29
115,Lachlan Disconnected,2023,0.3170907745883311,-0.4068994742663446,0.18646622080640826,-0.1173033747244743,6582,-33.2556327299225,146.44276043292072,,,,0.32204573249103696,9,35,8,,10.14
36,Southern Basin,2023,-0.4233832152908806,0.5191527223259101,-0.05337357951902124,0.14213834727919383,6582,-35.99407707386476,146.05539699630356,,,,0.0,3,28,9,,5.47
99,Lachlan Disconnected,2023,0.5058687160091406,-0.5281791057531776,0.30061607810198143,-0.1145599770482503,6582,-33.918129716134516,144.24731500579946,,,,0.0,7,32,5,,5.41
56,Southern Basin,2023,0.19987251541458573,-0.3314150789509186,0.13972707502020648,-0.11890004120471685,6582,-34.88282951286159,139.49820026933443,,,,0.6050838074552807,8,31,7,,17.6
90,Wimmera Disconnected,2023,0.33875300859303653,-0.3771943363776838,0.2008154076393132,-0.09081539838939565,6582,-34.12056349973364,141.40353441131145,,,,0.024364559397174242,13,25,10,,11.75
102,Lachlan Disconnected,2023,0.38553906886043393,-0.43992674220058114,0.24266360070113846,-0.10974041777617508,6582,-33.75205843000874,144.7463881023616,,,,0.0,11,24,5,,12.77
93,Wimmera Disconnected,2023,0.37219637308539355,-0.4064566354713265,0.22119571436708788,-0.09499543204863847,6582,-34.07879895917334,141.24478900313565,,,,0.01927904088106871,16,28,11,,17.16
109,Southern Basin,2023,-0.3355777209068469,0.5391111943221285,-0.14638545513912857,0.18923562823053833,6582,-33.46946593923181,141.7380138295658,,,,0.0,5,20,8,,1.0
42,Southern Basin,2023,0.59065162251396,-0.5944896939995591,0.30405935143414,-0.12043316739415147,6582,-35.85689050398341,145.35316138169463,,,,0.1677139063681773,8,15,3,,8.76
112,Lachlan Disconnected,2023,0.1806282734283819,-0.20145137932114332,0.10222438738458041,-0.04861951822133323,6582,-33.32984089166526,147.25372997280132,,,,0.0,5,32,4,,9.7
43,Southern Basin,2023,0.608044909836089,-0.6254978432012086,0.2975602881703508,-0.13208074198628955,6582,-35.835770463861664,144.37415775210422,,,,0.0,16,11,3,,8.39
88,Lachlan Disconnected,2023,0.5241872558359524,-0.5498983403851206,0.25110067506280354,-0.1202641018966914,6582,-34.185112872146235,144.16363833980066,,,,0.0,8,12,3,,10.7
82,Southern Basin,2023,0.3958130377138447,-0.4375909024369931,0.2315312885645071,-0.104229326376658,6582,-34.2900634929619,139.6353671978383,,,,0.0,3,25,8,,0.42
205,Northern Basin,2023,0.34274906666830146,-0.4399405487835679,0.1718168971964256,-0.12686470260282015,6582,-29.387333168461748,149.71029875451484,,,,0.023973623852981612,17,19,5,,17.91
47,Southern Basin,2023,0.6620474213020394,-0.6633426972054383,0.30642460989367887,-0.13318664980244715,6582,-35.688134299201764,144.18387637468098,,,,0.04137768437476974,19,8,4,,11.63
55,Southern Basin,2023,0.36163606724994685,-0.4645063162610022,0.23178919736469372,-0.13404936285662258,6582,-35.2239029750702,143.45322531559432,,,,0.7862827846773673,5,21,7,,6.63
98,Lachlan Disconnected,2023,0.4920123129389889,-0.5631903968093325,0.2834194698130165,-0.1411093129100039,6582,-33.924168209699275,144.4085983930247,,,,0.0,4,21,7,,4.43
81,Wimmera Disconnected,2023,0.3596294228621517,-0.4594996566354376,0.2394891485961362,-0.13184802483640184,6582,-34.241705574951666,142.12840783057447,,,,19.19660154323171,7,7,1,,18.24
202,Northern Basin,2023,0.295983600033433,-0.37970425548903664,0.1751721728311022,-0.10942911328004876,6582,-29.451121219619505,148.71671389122704,,,,0.032161159661149324,8,15,4,,3.89
194,Northern Basin,2023,0.12038118491041847,-0.20373475430291746,0.05781495421777012,-0.07408837861758308,6582,-29.674816649979835,149.09333308807246,,,,0.0,3,17,5,,2.15
58,Wimmera Disconnected,2023,0.10389107447873448,-0.2353339463551289,0.06896849467204004,-0.09964393802158353,6582,-34.74101982857419,142.23796750526836,,,,0.0,3,20,3,,0.87
201,Northern Basin,2023,0.3081303873709899,-0.3978414625399704,0.17373053912465553,-0.11545272257558625,6582,-29.458981172212525,149.85573316030744,,,,14.106653160437272,6,24,7,,8.54
249,Northern Basin,2023,0.3401053170381039,-0.42173313273419943,0.181695688231056,-0.11699775282527808,6582,-28.177910898340816,148.539005067318,,,,0.01608636295140292,6,12,2,,10.37
44,Southern Basin,2023,0.4523191626129529,-0.5111810026841147,0.264074639936369,-0.12578093656528763,6582,-35.82071298266281,145.47326583282597,,,,0.08046517072973694,6,12,3,,3.09
54,Southern Basin,2023,0.5207386121806479,-0.5558512470206981,0.2962253830938407,-0.12521530334015968,6582,-35.39106021864574,143.71583328997113,,,,0.322342926037925,9,13,3,,8.99
197,Northern Basin,2023,0.15767435068607977,-0.26455907461612166,0.08898099826905179,-0.09566570449524109,6582,-29.57058319852831,149.4938097764304,,,,0.3467571345107242,5,8,7,,4.98
97,Lachlan Disconnected,2023,0.39747204924838975,-0.47848906511143485,0.22633322259241653,-0.128104619367505,6582,-33.94339963781811,144.33858488848148,,,,0.0,4,9,1,,3.25
38,Southern Basin,2023,0.6366981563178485,-0.6179085154788867,0.32459075513049507,-0.1160658467601926,6582,-35.98860048268766,146.50026770470052,,,,0.0,4,11,7,,1.21
40,Southern Basin,2023,0.4943078871364567,-0.4682338045965327,0.23851820086252604,-0.08321712790333691,6582,-35.970364271922165,145.7764678659112,,,,0.0,3,13,7,,0.52
113,Southern Basin,2023,0.12164988602745401,-0.20158022002362128,0.09607908130155199,-0.07228817760319114,6582,-33.309446429699975,141.71626522181168,,,,0.0,5,0,6,,6.48
95,Lachlan Disconnected,2023,0.2971080543014621,-0.3748236730419823,0.18336574100381167,-0.10605098210460451,6582,-33.98610208581808,144.22226950002357,,,,0.0,4,0,3,,3.96
45,Wimmera Disconnected,2023,0.19672991936203582,-0.28942987861133074,0.11798020904855297,-0.09496595942198409,6582,-35.761113729401366,141.97318584909652,,,,0.49049581368922096,6,0,6,,4.81
