cluster_id,centroid_lat,centroid_lon,n_points,n_sources,sources,multi_source,total_abundance,n_species,n_years,has_breeding,lat_min,lat_max,lon_min,lon_max,extent_km,habitat_tier
59,-34.47878796308738,143.86041745514564,515,2,"S1,S2,S3,S4",True,2933264.0,57,35,True,-34.73301667,-34.22556,143.4,144.2728,97.73,Priority
50,-35.58181647368421,138.96820147368422,19,2,"S3,S4",True,1357532.0,54,12,True,-35.63194,-35.55028,138.8769,139.0506,18.11,Priority
212,-28.71743304545455,144.28824622727274,22,2,"S3,S4",True,764646.0,58,10,True,-28.74778,-28.675,144.2333,144.3425,13.35,Priority
121,-32.429177939084504,142.3152855528169,142,2,"S3,S4",True,683449.0,50,31,True,-32.67556,-32.25316667,142.1733333,142.562,59.37,Priority
53,-35.44621583333333,139.14332066666665,6,1,S3,False,570472.0,56,9,True,-35.4517,-35.43417,139.0999,139.2172,10.78,Breeding confirmed
161,-30.533889642908164,147.19567721071428,196,2,"S3,S4",True,565448.0,44,36,True,-30.64667,-30.38861,146.8,147.5808333,79.96,Priority
159,-30.55923014720588,143.73773901470588,68,2,"S3,S4",True,525002.0,59,38,True,-30.72445,-30.40833,143.6291667,143.8217,39.62,Priority
48,-35.62967920430108,143.8071828064516,93,2,"S3,S4",True,504154.0,41,11,True,-35.72667,-35.5141,143.7325,143.8864,27.38,Priority
51,-35.609976,139.2780395,8,2,"S3,S4",True,476710.0,57,15,True,-35.623818,-35.5886,139.2533,139.3094,6.4,Priority
33,-36.206658,139.6799,5,2,"S3,S4",True,476058.0,54,14,True,-36.22528,-36.17778,139.6619,139.6939,6.0,Priority
7,-36.484789461463414,144.90523794085368,164,2,"S3,S4",True,427266.0,50,39,True,-36.595,-36.41389,144.8057,145.1006,33.12,Priority
105,-33.61690875,147.472578,8,2,"S3,S4",True,353449.0,61,14,True,-33.6373,-33.6033,147.4511,147.4911,5.28,Priority
103,-33.7683452,144.88720899999998,5,2,"S2,S3,S4",True,350815.0,28,7,True,-33.78411,-33.751776,144.859176,144.8986,5.11,Priority
96,-33.88416925641025,144.64011802564104,39,2,"S3,S4",True,339391.0,35,6,True,-33.95917,-33.8038,144.5686,144.6926,20.69,Priority
167,-30.513578418857144,144.2831839242857,70,2,"S3,S4",True,315497.0,38,21,True,-30.59833,-30.431,144.1008333,144.45,38.21,Priority
157,-30.868537,147.60946133333334,3,1,S3,False,306286.0,34,3,True,-30.8812,-30.843255,147.6092,147.609978,4.21,Breeding confirmed
61,-34.48118190220551,147.29174458521302,1197,2,"S1,S3,S4",True,301377.0,43,38,True,-34.67556,-34.31666667,145.7086,149.0666667,309.83,Priority
192,-29.831950642857144,147.36891621428572,14,2,"S3,S4",True,290087.0,55,9,True,-29.8602,-29.79,147.3289,147.3836,9.41,Priority
129,-32.50932820915254,143.3145041983051,59,2,"S3,S4",True,278610.0,43,21,True,-32.59611,-32.39861,143.1747,143.4468333,33.61,Priority
214,-28.563060757982672,150.1055469075495,808,2,"S3,S4",True,274949.0,55,41,True,-28.65861,-28.37306,149.0075,151.2352,219.48,Priority
34,-36.09920625,139.58562025,4,2,"S3,S4",True,253011.0,32,3,True,-36.10278,-36.0904,139.584781,139.5873,1.39,Priority
108,-33.4870656,145.9903851,10,2,"S3,S4",True,235144.0,47,8,True,-33.5275,-33.45,145.9633,146.0178,9.97,Priority
46,-35.751245,139.223854,4,2,"S3,S4",True,211055.0,39,3,True,-35.75806,-35.7483,139.2206,139.2311,1.44,Priority
172,-30.549200666,144.98569332,5,2,"S3,S4",True,190684.0,40,41,True,-30.59933333,-30.5,144.95,145.0189,12.84,Priority
128,-32.593055,142.08229999999998,4,2,"S3,S4",True,184292.0,34,28,True,-32.605,-32.58,142.0656,142.1222,5.98,Priority
204,-29.31138313333333,149.33786101444446,90,2,"S1,S3,S4",True,180029.0,70,11,True,-29.45444,-29.206275,149.1856,149.4767,39.4,Priority
1,-36.54390724305677,145.6386524816594,229,2,"S3,S4",True,171666.0,48,42,True,-36.63445,-36.43389,145.15,146.0961,87.26,Priority
178,-30.43671724608696,144.55289999565218,23,2,"S3,S4",True,151701.0,40,19,True,-30.54,-30.39133333,144.4489,144.64,24.63,Priority
78,-34.30745986921569,140.63811277843138,51,2,"S3,S4",True,139703.0,32,8,True,-34.38208333,-34.25861,140.5253,140.7103,21.81,Priority
160,-30.573093397115386,143.95440656346153,52,2,"S3,S4",True,138172.0,37,24,True,-30.65222,-30.40055,143.8475,144.08,35.69,Priority
23,-36.455805,139.799491675,4,1,S4,False,127690.0,23,35,True,-36.49472,-36.43139,139.7894,139.8164,7.43,Breeding confirmed
74,-34.424725333333335,140.85595478333335,6,2,"S3,S4",True,124945.0,35,37,True,-34.45,-34.41306,140.8166667,140.8803,7.12,Priority
92,-34.118418500000004,141.161364,4,1,S3,False,119586.0,42,4,True,-34.122945,-34.1169,141.126039,141.173217,4.39,Breeding confirmed
158,-30.748384777777776,143.58143092222224,9,2,"S3,S4",True,99711.0,41,7,True,-30.76944,-30.7172,143.5544,143.5978,7.12,Priority
29,-36.34991,139.75426666666667,3,1,"S3,S4",False,98858.0,30,29,True,-36.37695,-36.33556,139.7456,139.7625,4.84,Breeding confirmed
62,-34.5067891202459,142.25633239836066,122,2,"S3,S4",True,98786.0,31,35,True,-34.63783333,-34.30028,141.9408,142.4456667,59.47,Priority
208,-29.2579856,144.90882200000001,5,2,"S3,S4",True,97160.0,35,4,False,-29.29,-29.249866,144.905181,144.9217,4.73,Priority
193,-29.73948096,147.45410892,25,2,"S3,S4",True,95100.0,37,8,True,-29.78639,-29.70417,147.4433,147.4928,10.3,Priority
85,-34.06751776923077,140.7602620576923,52,2,"S3,S4",True,92011.0,30,10,True,-34.22083,-33.9875,140.7258,140.8072,26.96,Priority
63,-34.558883474,142.8361895488889,45,2,"S3,S4",True,73959.0,35,39,True,-34.62472,-34.5,142.6461,142.9436,30.52,Priority
57,-34.73660415037594,142.37828130075187,133,2,"S3,S4",True,73877.0,29,11,True,-34.781891,-34.66028,142.3367,142.4806,18.83,Priority
41,-35.909906666666664,139.4121,3,1,S3,False,73227.0,31,2,True,-35.91083,-35.90861,139.4108,139.4133,0.33,Breeding confirmed
52,-35.513778,138.81028,5,2,"S3,S4",True,73038.0,35,3,True,-35.535,-35.5,138.7833,138.8422,6.59,Priority
32,-36.25202316666667,142.969619,6,2,"S3,S4",True,70066.0,34,10,True,-36.26778,-36.2452,142.9472,142.978116,3.73,Priority
6,-36.49459283472441,143.04726614251967,127,1,S4,False,61939.0,36,28,True,-36.615,-36.34056,142.8155,143.3946667,59.99,Breeding confirmed
66,-34.48798098165354,145.2560621019685,254,1,"S1,S4",False,58037.0,45,25,True,-34.61333,-34.37944,144.8164,145.6697,82.27,Breeding confirmed
65,-34.54690089717949,144.58811794743588,78,1,"S3,S4",False,55928.0,25,15,False,-34.61528,-34.44683333,144.3022,144.7833333,47.8,Candidate
72,-34.417059630714284,140.5401317857143,28,2,"S3,S4",True,54955.0,34,31,True,-34.46667,-34.36666,140.4286,140.6833333,25.83,Priority
169,-30.484931111203704,148.17193718935184,216,1,S4,False,53168.0,29,28,True,-30.58083,-30.37444,147.5333333,148.756,119.18,Breeding confirmed
137,-32.51396892857143,141.99565238214285,28,2,"S3,S4",True,51560.0,35,20,False,-32.55556,-32.45,141.9,142.1056,22.53,Priority
211,-28.988889999999998,144.8312,3,1,"S3,S4",False,51365.0,26,1,True,-29.00028,-28.98306,144.8272,144.8333,2.0,Breeding confirmed
154,-32.18790105076923,142.65398456538463,26,2,"S3,S4",True,51231.0,29,8,True,-32.26472,-32.1231,142.609071,142.7236,19.05,Priority
39,-35.88017572727273,144.98722476136365,88,2,"S3,S4",True,46254.0,28,13,True,-35.975,-35.77555,144.922,145.1047,27.57,Priority
80,-34.254993,140.3728996423077,26,2,"S3,S4",True,44457.0,33,8,True,-34.34472,-34.1968,140.3379,140.4864,21.34,Priority
170,-30.558307666666668,150.68232566666666,6,2,"S3,S4",True,41770.0,31,28,False,-30.57195,-30.5503,150.6642,150.6925,3.62,Priority
250,-26.543091491477625,148.69597513100936,961,1,S4,False,41021.0,29,30,True,-26.64583333,-26.435,147.0025,150.0278333,301.33,Breeding confirmed
91,-34.08641589285714,144.54560557142858,28,2,"S3,S4",True,40313.0,34,7,True,-34.13278,-34.04528,144.405,144.6602,25.39,Priority
114,-33.301787125,141.99878525,8,1,"S3,S4",False,39332.0,19,4,True,-33.30972,-33.2988,141.993367,142.0064,1.71,Breeding confirmed
107,-33.514765,147.3930125,4,2,"S3,S4",True,38468.0,42,11,True,-33.54055,-33.4908,147.37865,147.415,6.47,Priority
219,-28.561666846756758,148.84620089999999,37,1,S4,False,37568.0,31,20,True,-28.60278,-28.47333,148.6917,149.0166667,34.79,Breeding confirmed
116,-33.162988,141.93307666666666,6,2,"S3,S4",True,35765.0,29,4,True,-33.17305,-33.140598,141.9285,141.9483,4.04,Priority
84,-34.219097500000004,139.880425,4,2,"S3,S4",True,35543.0,19,6,False,-34.22278,-34.21611,139.85,139.8947,4.17,Priority
94,-33.96476323529412,140.9507470588235,34,2,"S3,S4",True,34377.0,29,10,True,-34.02167,-33.89972,140.8628,141.0606,22.69,Priority
21,-36.42266038262295,144.23114808688524,61,1,S4,False,34059.0,25,37,True,-36.5,-36.36204,144.0166667,144.385,36.29,Breeding confirmed
210,-29.212356764705884,149.1117133529412,17,2,"S3,S4",True,28240.0,29,5,True,-29.23333,-29.20285,149.0843,149.13,5.57,Priority
164,-30.49165272316901,149.99552957676056,142,1,S4,False,27569.0,23,33,True,-30.61667,-30.38361,149.85,150.2166667,43.58,Breeding confirmed
37,-35.938265588235296,144.4731779411765,17,2,"S3,S4",True,27107.0,17,8,False,-35.99417,-35.89639,144.4352,144.525,13.53,Priority
127,-32.445768873786406,147.5863631060194,515,1,S4,False,24438.0,28,18,True,-32.59667,-32.36666,146.1166667,148.4166667,216.96,Breeding confirmed
147,-32.404291667500004,142.633016675,4,1,S4,False,23721.0,29,24,False,-32.4125,-32.39216667,142.6,142.6783,7.68,Candidate
86,-34.16859875,143.9591964,20,2,"S3,S4",True,22502.0,24,4,False,-34.20611,-34.1415,143.9233,143.9914,9.52,Priority
87,-34.13455926829268,141.73405853658537,41,2,"S3,S4",True,22034.0,27,9,True,-34.19972,-34.08778,141.5672,141.9044,33.38,Priority
117,-33.13487333333333,141.71511133333334,6,2,"S3,S4",True,19793.0,22,5,False,-33.1452,-33.1304,141.705368,141.7253,2.48,Priority
111,-33.3526246,141.8338566,5,2,"S3,S4",True,19151.0,24,8,True,-33.3557,-33.3486,141.8331,141.8347,0.8,Priority
206,-29.32339011111111,149.53466733333335,9,2,"S1,S3,S4",True,18637.0,54,11,True,-29.33972,-29.30445,149.5069,149.5583,6.33,Priority
243,-28.397630000000003,146.6827636381818,55,1,S4,False,18223.0,25,14,True,-28.44983333,-28.36306,146.5113333,146.8722,36.53,Breeding confirmed
152,-32.31504833333333,143.37280116666668,6,2,"S3,S4",True,15995.0,33,4,True,-32.32667,-32.3057,143.3681,143.3778,2.5,Priority
12,-36.42134796029851,141.93241293731344,67,1,S4,False,15799.0,20,24,True,-36.53667,-36.33333,141.7042,142.0583,38.86,Breeding confirmed
31,-36.27981333333333,139.7286,3,1,S3,False,14230.0,18,2,True,-36.28972,-36.27139,139.7208,139.7378,2.54,Breeding confirmed
100,-33.85462384615385,144.49074115384616,13,1,"S3,S4",False,14191.0,36,4,False,-33.870242,-33.8076,144.443594,144.551,12.1,Candidate
247,-28.387251227894737,148.31706491578947,19,1,S4,False,13992.0,20,27,True,-28.4175,-28.36667,148.2083,148.4166667,21.12,Breeding confirmed
209,-29.242583857142858,149.49151750000001,14,2,"S1,S3,S4",True,13611.0,38,10,True,-29.25861,-29.19583,149.46702,149.537996,9.79,Priority
25,-36.435427142857144,146.46183332857143,7,1,S4,False,13368.0,25,27,True,-36.45,-36.42833,146.3733,146.5068333,12.17,Breeding confirmed
110,-33.4188634,141.88247800000002,5,2,"S3,S4",True,12902.0,30,6,False,-33.42528,-33.4152,141.87869,141.8856,1.29,Priority
215,-28.527727581764704,145.08862882352943,102,1,S4,False,12890.0,25,17,True,-28.635,-28.41288333,144.9166667,145.2633333,41.84,Breeding confirmed
115,-33.253732222222226,146.4455888888889,9,2,"S3,S4",True,12756.0,35,8,True,-33.30305,-33.21722,146.4267,146.4642,10.14,Priority
36,-35.994076666666665,146.0554,3,2,"S3,S4",True,12654.0,28,9,True,-36.005,-35.98167,146.0347,146.0884,5.47,Priority
245,-28.433014443333334,150.82601113333334,3,1,S4,False,11128.0,12,9,False,-28.43861,-28.42183333,150.8196667,150.8386667,2.63,Candidate
35,-36.051306333333336,141.90585233333334,3,1,S3,False,10256.0,29,4,True,-36.0523,-36.0508,141.9044,141.9066,0.26,Breeding confirmed
144,-32.42925666666667,148.72285553333333,3,1,S4,False,10199.0,23,35,False,-32.43333,-32.42111,148.6833333,148.7519,6.57,Candidate
99,-33.91678714285714,144.24535714285713,7,2,"S3,S4",True,8140.0,32,5,True,-33.92722,-33.90278,144.2203,144.2711,5.41,Priority
56,-34.878276875,139.497557,8,2,"S3,S4",True,7934.0,31,7,False,-34.90944,-34.86806,139.3881,139.5747,17.6,Priority
90,-34.11912538461539,141.39743846153846,13,2,"S3,S4",True,7918.0,25,10,False,-34.14528,-34.09167,141.3544,141.4647,11.75,Priority
102,-33.76037909090909,144.74388181818182,11,2,"S3,S4",True,7699.0,24,5,False,-33.80083,-33.71806,144.6928,144.7889,12.77,Priority
93,-34.08600625,141.24779375,16,2,"S3,S4",True,7695.0,28,11,False,-34.11833,-34.05333,141.1342,141.3036,17.16,Priority
109,-33.4695466,141.7380554,5,2,"S3,S4",True,6633.0,20,8,True,-33.4728,-33.4652,141.7347,141.7405,1.0,Priority
42,-35.85673625,145.3549875,8,2,"S3,S4",True,6512.0,15,3,True,-35.86917,-35.84139,145.3033,145.3944,8.76,Priority
112,-33.330833999999996,147.25356000000002,5,2,"S3,S4",True,6448.0,32,4,False,-33.37972,-33.29861,147.2336,147.2725,9.7,Priority
156,-31.466620000000002,142.1436666666667,6,1,S4,False,6040.0,18,1,False,-31.50056,-31.43389,142.1089,142.1939,10.93,Candidate
195,-29.661199999999997,149.29250000000002,3,1,S4,False,5966.0,17,2,False,-29.66444,-29.65861,149.2614,149.3197,5.66,Candidate
10,-36.546471550465114,146.63363565581395,43,1,S4,False,5665.0,21,18,True,-36.59306,-36.48133333,146.35,146.9666667,56.37,Breeding confirmed
231,-28.454479743076924,148.82204873846155,13,1,S4,False,5528.0,19,25,True,-28.51972,-28.404,148.8015,148.864167,14.23,Breeding confirmed
171,-30.564112,148.04672666000002,5,1,S4,False,5090.0,19,4,False,-30.57167,-30.55694,148.0,148.0833333,8.13,Candidate
242,-28.420954666,150.21732,5,1,S4,False,5014.0,17,7,True,-28.45,-28.39333,150.1833333,150.2666667,10.28,Breeding confirmed
165,-30.47421006273585,151.18776604056603,106,1,S4,False,4996.0,16,10,True,-30.615,-30.41111,150.8963333,151.5338333,65.05,Breeding confirmed
196,-29.562269000000004,149.2758447894737,19,2,"S1,S3,S4",True,4474.0,43,10,True,-29.610821,-29.52083,149.229545,149.317279,13.1,Priority
226,-28.535803333636363,145.44696969999998,22,1,S4,False,4440.0,16,18,True,-28.55028,-28.5,145.3317,145.5364,20.73,Breeding confirmed
148,-32.40018666666666,142.77266666666665,3,1,S4,False,4419.0,26,10,False,-32.40278,-32.395,142.75,142.7933,4.15,Candidate
0,-36.61599135814815,141.97001234814815,27,1,S4,False,4266.0,21,23,False,-36.6565,-36.57167,141.9125,142.0236667,13.67,Candidate
223,-28.56385714285714,144.9010619,7,1,S4,False,4121.0,21,11,False,-28.575,-28.55083,144.8738333,144.935,6.54,Candidate
43,-35.843136,144.383117,16,2,"S3,S4",True,4118.0,11,3,False,-35.8554,-35.805,144.336,144.4055,8.39,Priority
244,-28.44220111,149.64583333333334,3,1,S4,False,3935.0,17,17,False,-28.44833,-28.43694,149.63,149.657,2.92,Candidate
24,-36.41025159347826,149.15363478695653,23,1,S4,False,3900.0,14,12,True,-36.45433333,-36.35,149.0333333,149.2411667,21.88,Breeding confirmed
217,-28.531840292105265,148.16483977192982,57,1,S4,False,3694.0,12,9,False,-28.61116667,-28.47,148.05,148.25,25.02,Candidate
88,-34.18409875,144.14965,8,2,"S3,S4",True,3654.0,12,3,False,-34.19361,-34.17944,144.1111,144.2264,10.7,Priority
189,-30.145359012500002,145.421781175,8,1,S1,False,3642.0,47,10,True,-30.195997,-30.099387,145.4163,145.435108,10.87,Breeding confirmed
82,-34.290063333333336,139.63536666666667,3,2,"S3,S4",True,3607.0,25,8,False,-34.2925,-34.2888,139.635,139.6361,0.42,Priority
207,-29.320863333333335,149.261199,3,1,"S1,S4",False,3576.0,34,7,True,-29.331295,-29.3,149.2519,149.26585,3.73,Breeding confirmed
203,-29.414009818181817,149.5557139090909,11,2,"S1,S3,S4",True,3560.0,24,11,False,-29.45417,-29.38972,149.5275,149.5783,8.68,Priority
3,-36.57550269857143,143.90121904761904,21,1,S4,False,3275.0,24,29,False,-36.63111,-36.5,143.8333333,143.9572,18.27,Candidate
69,-34.4578565835625,149.361297288125,160,1,S4,False,3238.0,12,12,True,-34.58333,-34.355,149.0015,149.5415,55.54,Breeding confirmed
205,-29.398325529411768,149.72374264705883,17,2,"S3,S4",True,2932.0,19,5,False,-29.4262,-29.32028,149.6506,149.7903,17.91,Priority
17,-36.51066675,147.0720305,4,1,"S3,S4",False,2867.0,13,1,True,-36.5145,-36.5,147.05,147.080822,3.19,Breeding confirmed
26,-36.39618636363636,141.56241817272726,11,1,S4,False,2841.0,19,23,True,-36.43167,-36.385,141.4833333,141.6467,15.49,Breeding confirmed
235,-28.47637625125,145.7005270875,16,1,S4,False,2826.0,6,11,False,-28.503,-28.45236667,145.6267,145.7666667,14.77,Candidate
47,-35.690071315789474,144.19768852631577,19,2,"S3,S4",True,2733.0,8,4,False,-35.73056,-35.65194,144.1397,144.225,11.63,Priority
251,-26.557302701034484,150.78244770172415,58,1,S4,False,2703.0,18,14,False,-26.64033333,-26.48333,150.5983,150.9166667,36.1,Candidate
68,-34.52364708333334,143.30945416666665,24,1,S4,False,2684.0,10,7,False,-34.59889,-34.46633333,143.25,143.35,17.32,Candidate
186,-30.38906343952381,149.64719894126983,63,1,S4,False,2639.0,11,26,True,-30.45028,-30.36139,149.3833333,149.813,42.31,Breeding confirmed
132,-32.48470913043479,145.0188804347826,46,1,S4,False,2612.0,13,14,False,-32.58028,-32.36666,144.7547,145.2451667,51.68,Candidate
104,-33.76817333333333,144.62953333333334,3,1,"S3,S4",False,2503.0,12,1,False,-33.76889,-33.76758,144.6272,144.6342,0.66,Candidate
126,-32.58099999833333,143.519,6,1,S4,False,2435.0,8,1,False,-32.59858333,-32.55466667,143.501,143.5423333,6.22,Candidate
198,-29.5778154,148.9756954,5,1,"S1,S3,S4",False,2425.0,32,2,True,-29.581,-29.5724,148.9545,148.9891,3.47,Breeding confirmed
271,-26.436650475714284,146.6723238,7,1,S4,False,2171.0,25,7,True,-26.47167,-26.36555,146.6589,146.6835,12.03,Breeding confirmed
179,-30.5109484,145.134826,5,1,S3,False,2112.0,23,3,False,-30.5178,-30.4982,145.109209,145.149521,4.43,Candidate
131,-32.531854942413794,144.1367839103448,29,1,S4,False,2045.0,13,10,False,-32.58944,-32.48333,144.0044,144.2666667,27.22,Candidate
234,-28.48787,149.34612778333334,6,1,S4,False,1959.0,17,8,True,-28.50889,-28.46944,149.3166667,149.3667,6.56,Breeding confirmed
175,-30.51253606090909,150.7357818181818,11,1,S4,False,1878.0,14,9,False,-30.53716667,-30.49389,150.63,150.7947,16.47,Candidate
55,-35.217597999999995,143.45567999999997,5,2,"S3,S4",True,1878.0,21,7,False,-35.25389,-35.1991,143.4356,143.4647,6.63,Priority
98,-33.9252775,144.40820000000002,4,2,"S3,S4",True,1781.0,21,7,False,-33.94,-33.90861,144.3975,144.4272,4.43,Priority
4,-36.588442,145.22480667,10,1,S4,False,1744.0,17,11,True,-36.62333,-36.55861,145.1772,145.2666667,10.73,Breeding confirmed
81,-34.23948428571428,142.13085714285714,7,2,"S3,S4",True,1624.0,7,1,True,-34.31917,-34.16083,142.1003,142.1536,18.24,Priority
202,-29.44843875,148.7164625,8,2,"S3,S4",True,1595.0,15,4,False,-29.46556,-29.43167,148.7114,148.7217,3.89,Priority
130,-32.53929690428571,144.67266429285715,14,1,S4,False,1474.0,16,15,True,-32.59283333,-32.45,144.6361667,144.7166667,17.55,Breeding confirmed
236,-28.492155332,150.67623334,5,1,S4,False,1416.0,16,8,False,-28.50283333,-28.46611,150.65,150.702,6.51,Candidate
135,-32.4937475887234,145.83200638510638,47,1,S4,False,1412.0,18,22,False,-32.59,-32.38028,145.5575,146.0669,53.07,Candidate
151,-32.340743333333336,143.0716,3,1,"S3,S4",False,1411.0,8,8,False,-32.34889,-32.33167,143.0614,143.0856,2.97,Candidate
199,-29.5561219,149.6464988,10,2,"S1,S3,S4",True,1323.0,38,11,True,-29.58528,-29.526218,149.5817,149.6844,11.89,Priority
194,-29.67481666666667,149.09333333333333,3,2,"S3,S4",True,1288.0,17,5,False,-29.68389,-29.66528,149.0911,149.0972,2.15,Priority
218,-28.527495535535714,144.2822874982143,56,1,S4,False,1283.0,12,16,True,-28.61383333,-28.435,144.1575,144.4425,34.15,Breeding confirmed
263,-26.4916075,151.03943888333333,12,1,S4,False,1250.0,19,17,False,-26.5175,-26.45,150.9866667,151.0764,11.65,Candidate
177,-30.516665555,144.10992221666666,6,1,S4,False,1195.0,8,5,False,-30.52833,-30.49833333,144.1003,144.1258333,4.13,Candidate
180,-30.453363678275863,146.05325976896552,29,1,S4,False,1176.0,11,7,True,-30.51,-30.3925,145.9253333,146.2166667,30.78,Breeding confirmed
153,-32.25906125,148.1384875,8,1,S4,False,1047.0,14,1,False,-32.31055,-32.21111,148.0953,148.1867,13.98,Candidate
258,-26.506983577317076,146.03698691219512,41,1,S4,False,1026.0,12,18,True,-26.59333,-26.4585,145.9166667,146.1089,24.26,Breeding confirmed
58,-34.74102,142.23796666666667,3,2,"S3,S4",True,983.0,20,3,False,-34.74472,-34.73806,142.2355,142.2406,0.87,Priority
227,-28.469114782608695,146.1238956652174,23,1,S4,False,982.0,17,25,False,-28.53778,-28.38028,146.0166667,146.1851667,24.0,Candidate
201,-29.459768333333333,149.86038333333332,6,2,"S3,S4",True,973.0,24,7,False,-29.48778,-29.43417,149.8208,149.8842,8.54,Priority
191,-30.070463333333333,145.98260000000002,3,1,S4,False,885.0,18,1,False,-30.09306,-30.04333,145.9686,145.9947,6.06,Candidate
71,-34.48246,146.53301905714287,7,1,S4,False,779.0,9,5,False,-34.53833,-34.44556,146.4881,146.5666667,12.56,Candidate
89,-34.16935333333333,144.3627,3,1,S4,False,757.0,11,1,False,-34.17361,-34.16667,144.3542,144.3672,1.42,Candidate
249,-28.180788333333336,148.53908333333334,6,2,"S3,S4",True,748.0,12,2,False,-28.20056,-28.14389,148.5075,148.5917,10.37,Priority
83,-34.22287333333333,146.1516,3,1,S4,False,748.0,14,1,False,-34.24417,-34.2075,146.1392,146.1578,4.41,Candidate
2,-36.591724,142.64830999999998,10,1,S4,False,715.0,17,13,False,-36.63194,-36.56667,142.5622,142.75,18.24,Candidate
141,-32.470556,142.94917334,5,1,S4,False,677.0,16,8,False,-32.51667,-32.45055,142.9094,143.0,11.22,Candidate
145,-32.4157675,143.46732500000002,4,1,S4,False,652.0,4,1,False,-32.42556,-32.40139,143.4342,143.4845,5.42,Candidate
163,-30.61211111,147.664,3,1,S4,False,645.0,7,1,False,-30.619,-30.6,147.626,147.7,7.38,Candidate
120,-32.686520333333334,149.18560233333335,3,1,S3,False,623.0,13,1,False,-32.6886,-32.6824,149.1834,149.186707,0.75,Candidate
44,-35.821044,145.475365,6,2,"S3,S4",True,609.0,12,3,False,-35.82639,-35.811025,145.4561,145.4847,3.09,Priority
252,-26.550043435846153,150.32255133384615,65,1,S4,False,586.0,9,8,False,-26.6305,-26.475,150.05,150.5558333,53.11,Candidate
54,-35.38824944444444,143.7207058888889,9,2,"S3,S4",True,548.0,13,3,False,-35.39722,-35.384065,143.6603,143.7583,8.99,Priority
222,-28.566764167499997,147.228466675,4,1,S4,False,543.0,5,5,False,-28.58066667,-28.56,147.2167,147.2453,3.61,Candidate
216,-28.582819090909087,148.00156061818183,11,1,S4,False,502.0,9,3,False,-28.63333,-28.4925,147.95,148.0666667,19.33,Candidate
124,-32.6244425,143.859525,4,1,S4,False,495.0,7,5,False,-32.63111,-32.62083,143.85,143.8689,2.1,Candidate
125,-32.58952428571428,144.52179524285717,7,1,S4,False,482.0,15,13,False,-32.62389,-32.57195,144.4772,144.5592,9.59,Candidate
221,-28.579258890000002,145.84256666666667,3,1,S4,False,481.0,6,7,False,-28.59167,-28.56416667,145.8289,145.8533,3.87,Candidate
155,-32.16694333333333,148.39520000000002,3,1,S4,False,404.0,16,1,False,-32.17194,-32.16195,148.3694,148.4156,4.48,Candidate
197,-29.567462,149.49316,5,2,"S3,S4",True,384.0,8,7,False,-29.59389,-29.55028,149.4878,149.4997,4.98,Priority
123,-32.595332962222216,144.37375925555554,9,1,S4,False,380.0,6,6,False,-32.64056,-32.53333,144.3333333,144.4,13.44,Candidate
140,-32.49813357142857,149.5954357142857,14,1,S4,False,361.0,5,3,False,-32.51667,-32.49333,149.5,149.7,18.9,Candidate
70,-34.5237525,140.495833325,4,1,S4,False,343.0,4,1,False,-34.53167,-34.5,140.45,140.5333333,8.39,Candidate
230,-28.46794701736842,147.49483332631578,19,1,S4,False,341.0,5,2,False,-28.52083333,-28.41667,147.4228333,147.55,16.96,Candidate
18,-36.5015275,145.583825,8,1,S4,False,336.0,13,3,False,-36.50667,-36.5,145.5467,145.65,9.25,Candidate
166,-30.55403698380952,148.95859841428572,21,1,S4,False,330.0,15,15,True,-30.60667,-30.49633333,148.8367,149.1,27.99,Breeding confirmed
254,-26.603843333333334,150.33308333333332,6,1,S4,False,318.0,13,9,False,-26.61783333,-26.59639,150.3241667,150.3439,3.08,Candidate
185,-30.469336,143.52162,5,1,S4,False,317.0,4,2,False,-30.5,-30.46167,143.5,143.55,6.4,Candidate
97,-33.9459575,144.3425,4,2,"S3,S4",True,304.0,9,1,False,-33.95417,-33.93667,144.3267,144.355,3.25,Priority
229,-28.49946666625,146.37453333125,16,1,S4,False,298.0,9,17,False,-28.52472,-28.47556,146.25,146.45,20.26,Candidate
28,-36.370326666,146.74357666,10,1,S4,False,259.0,14,18,False,-36.37833,-36.36278,146.6933,146.7667,6.78,Candidate
173,-30.521588571428573,146.64889524285715,7,1,S4,False,254.0,9,8,False,-30.545,-30.46833,146.6166667,146.6819,10.55,Candidate
260,-26.512566667272726,146.38501666363638,22,1,S4,False,252.0,12,19,False,-26.58333,-26.48833,146.25,146.5081667,27.73,Candidate
119,-32.70142857142857,148.14086189999998,7,1,S4,False,245.0,6,1,False,-32.76556,-32.625,148.1222,148.1697,16.22,Candidate
241,-28.431637879090907,147.28331516363636,11,1,S4,False,239.0,5,9,False,-28.45306,-28.36667,147.2586667,147.3166667,11.14,Candidate
269,-26.476016666666666,145.43906666666666,3,1,S4,False,227.0,4,5,False,-26.48139,-26.47333,145.4172,145.4666667,5.0,Candidate
60,-34.67556,145.05,3,1,S4,False,211.0,4,1,False,-34.67556,-34.67556,145.0333333,145.0666667,3.04,Candidate
5,-36.602468,142.37037334,5,1,S4,False,178.0,6,1,False,-36.615,-36.58333,142.35,142.3833,4.6,Candidate
200,-29.56763075,149.40813500000002,4,2,"S1,S3,S4",True,174.0,14,10,True,-29.56917,-29.56667,149.4061,149.41,0.47,Priority
257,-26.53401611166667,146.62352776666668,6,1,S4,False,168.0,11,16,False,-26.56194,-26.50221667,146.5698333,146.6483,10.23,Candidate
38,-35.9872825,146.5002,4,2,"S3,S4",True,162.0,11,7,False,-35.99417,-35.9833,146.5,146.5008,1.21,Priority
76,-34.371245,142.160416675,4,1,S4,False,161.0,5,1,False,-34.385,-34.36666,142.1166667,142.2,7.9,Candidate
262,-26.5104175,151.170083325,4,1,S4,False,159.0,8,1,False,-26.52667,-26.5,151.15,151.1833333,4.44,Candidate
213,-28.655722000000004,144.86492,5,1,S4,False,153.0,4,1,False,-28.66694,-28.65055,144.8511,144.8958,4.72,Candidate
168,-30.583055553333335,150.4383889,3,1,S4,False,150.0,2,1,False,-30.58933333,-30.57383333,150.4285,150.4521667,2.84,Candidate
133,-32.56249444333333,145.01788886666668,3,1,S4,False,134.0,6,1,False,-32.57295,-32.5479,145.0068333,145.0328333,3.69,Candidate
40,-35.97036333333333,145.77646666666666,3,2,"S3,S4",True,120.0,13,7,False,-35.97167,-35.9697,145.7747,145.78,0.52,Priority
118,-32.90435333333333,148.09016666666665,3,1,S4,False,111.0,8,1,False,-32.91972,-32.88556,148.0514,148.1169,7.19,Candidate
190,-30.119235,144.96855,4,1,S4,False,108.0,4,1,False,-30.13472,-30.10139,144.9103,145.0258,11.69,Candidate
77,-34.36348636363636,147.05606061818182,11,1,S4,False,101.0,3,2,False,-34.4,-34.34167,147.0,147.1166667,12.5,Candidate
19,-36.4893,142.44677334,5,1,S4,False,98.0,3,2,False,-36.529,-36.4725,142.4142,142.4666667,7.83,Candidate
79,-34.36833000000001,144.9239,3,1,S4,False,94.0,2,1,False,-34.37167,-34.36666,144.9166667,144.9333333,1.63,Candidate
182,-30.46419055583333,146.427272225,12,1,S4,False,93.0,5,12,False,-30.5,-30.42966667,146.35,146.5308,18.98,Candidate
233,-28.49996,150.446958325,4,1,S4,False,79.0,4,2,False,-28.51667,-28.4665,150.4333333,150.4545,5.94,Candidate
122,-32.6365975,143.970833325,4,1,S4,False,75.0,1,2,False,-32.65,-32.62083,143.95,143.9833333,4.49,Candidate
134,-32.567965,146.94629999999998,6,1,S4,False,71.0,3,1,False,-32.58611,-32.55,146.8728,147.005,13.0,Candidate
67,-34.60305,145.04444443333333,3,1,S4,False,68.0,4,1,False,-34.60305,-34.60305,145.0166667,145.0833333,6.09,Candidate
183,-30.477176666,149.14033999999998,5,1,S4,False,67.0,5,1,False,-30.49033333,-30.46333,149.1136,149.1833333,7.31,Candidate
176,-30.51653,149.38059001,10,1,S4,False,66.0,4,2,False,-30.53667,-30.5,149.3314,149.4666667,13.56,Candidate
146,-32.42870666666666,143.65464443333335,3,1,S4,False,65.0,5,5,False,-32.45,-32.41806,143.6333333,143.6806,5.67,Candidate
259,-26.52151296222222,146.75836296666665,9,1,S4,False,60.0,5,2,False,-26.551,-26.48,146.7088333,146.8,12.0,Candidate
11,-36.559944,144.26250666,5,1,S4,False,59.0,3,2,False,-36.57195,-36.55194,144.2,144.2928,8.57,Candidate
238,-28.45590833375,144.4869416625,8,1,S4,False,59.0,2,6,False,-28.5,-28.435,144.45,144.5333333,10.87,Candidate
13,-36.52444666666667,146.23278889999997,3,1,S4,False,58.0,6,5,False,-36.53667,-36.5,146.2166667,146.25,5.04,Candidate
174,-30.4836325,150.45450555,12,1,S4,False,54.0,2,1,False,-30.54333,-30.45139,150.4319,150.5166667,13.03,Candidate
246,-28.421939999999996,148.4172111,3,1,S4,False,50.0,1,2,False,-28.42194,-28.42194,148.4,148.4333333,3.25,Candidate
248,-28.423426666666668,146.9833222,3,1,S4,False,38.0,2,1,False,-28.45694,-28.39667,146.9833,146.9833333,6.69,Candidate
15,-36.506357334,143.50296666,5,1,S4,False,36.0,5,3,False,-36.51556,-36.5,143.45,143.55,9.09,Candidate
162,-30.624333999999998,147.105,5,1,S4,False,31.0,2,1,False,-30.63,-30.615,147.0433,147.16,11.27,Candidate
265,-26.4892608325,148.918916675,4,1,S4,False,29.0,4,4,False,-26.50093333,-26.47667,148.9,148.95,5.65,Candidate
9,-36.59306,146.33832778333334,6,1,S4,False,28.0,6,1,False,-36.59306,-36.59306,146.2683,146.4166667,13.22,Candidate
267,-26.491257776666668,144.99525556666666,3,1,S4,False,27.0,2,12,False,-26.51694,-26.47183333,144.9883,145.0078,5.37,Candidate
255,-26.566851666666665,145.8533666666667,6,1,S4,False,25.0,3,1,False,-26.59333,-26.55194,145.8294,145.8633,5.7,Candidate
239,-28.460062,148.59601333,10,1,S4,False,25.0,3,2,False,-28.5,-28.3995,148.55,148.6666667,15.94,Candidate
14,-36.51944666666667,146.9333333333333,3,1,S4,False,23.0,5,1,False,-36.53667,-36.5,146.9166667,146.95,5.04,Candidate
149,-32.388673332,146.23734,5,1,S4,False,23.0,1,3,False,-32.39683333,-32.37403333,146.1892,146.2936,10.11,Candidate
75,-34.387499999999996,149.72732223333333,3,1,S4,False,22.0,2,1,False,-34.4,-34.38083,149.7166667,149.7428,3.2,Candidate
16,-36.50778,143.702091675,4,1,S4,False,21.0,3,2,False,-36.51556,-36.5,143.65,143.75,9.09,Candidate
261,-26.538222223333335,145.4291111,3,1,S4,False,20.0,2,1,False,-26.5455,-26.53416667,145.3985,145.4623333,6.46,Candidate
138,-32.544446666666666,146.6888889,3,1,S4,False,19.0,3,1,False,-32.56667,-32.51667,146.6666667,146.7,6.37,Candidate
266,-26.48667611,145.33942221666666,6,1,S4,False,19.0,1,2,False,-26.53433333,-26.46028,145.3166667,145.35,8.86,Candidate
237,-28.487637499999998,144.60689167499999,4,1,S4,False,18.0,2,7,False,-28.50056,-28.48333,144.6,144.6166667,2.51,Candidate
188,-30.36333,148.47125,4,1,S4,False,17.0,4,2,False,-30.36333,-30.36333,148.45,148.485,3.35,Candidate
136,-32.5416675,146.75833335,4,1,S4,False,16.0,2,3,False,-32.56667,-32.5,146.75,146.7666667,7.56,Candidate
220,-28.532744889333333,147.73680222,15,1,S4,False,16.0,3,7,False,-28.6,-28.49,147.6,147.8833333,30.21,Candidate
8,-36.58990666666667,146.17667776666667,3,1,S4,False,16.0,3,1,False,-36.59306,-36.58833,146.15,146.1967,4.2,Candidate
228,-28.490861111666664,144.72866111666667,6,1,S4,False,14.0,2,9,False,-28.525,-28.45516667,144.6825,144.7581,10.7,Candidate
150,-32.38361,142.52887776666668,3,1,S4,False,12.0,2,1,False,-32.38361,-32.38361,142.5,142.5533,5.0,Candidate
20,-36.48166666666666,142.60972778333334,6,1,S4,False,12.0,4,2,False,-36.5,-36.4725,142.55,142.6666667,10.85,Candidate
142,-32.47629666666666,142.82426666666666,3,1,S4,False,12.0,2,8,False,-32.5,-32.46083,142.8086,142.85,5.83,Candidate
240,-28.468998889999998,147.1921111,3,1,S4,False,11.0,3,1,False,-28.4825,-28.45083,147.1833333,147.2047,4.09,Candidate
106,-33.5925,147.152675,4,1,S4,False,11.0,1,1,False,-33.6225,-33.56861,147.1358,147.1733,6.91,Candidate
268,-26.450251665,146.98230555,6,1,S4,False,10.0,3,5,False,-26.47667,-26.43333333,146.9338333,147.015,9.39,Candidate
73,-34.46296,141.49204443333335,3,1,S4,False,9.0,3,1,False,-34.46333,-34.46222,141.4833333,141.4967,1.23,Candidate
184,-30.480560000000004,143.38628668,5,1,S4,False,8.0,1,1,False,-30.48056,-30.48056,143.3166667,143.4333333,11.16,Candidate
22,-36.4538875,143.914166675,4,1,S4,False,7.0,3,1,False,-36.46222,-36.45111,143.9,143.94,3.78,Candidate
181,-30.4989575,149.032725,4,1,S4,False,5.0,2,2,False,-30.53639,-30.46972,149.0028,149.0728,9.98,Candidate
256,-26.560796666666665,145.16204443333334,3,1,S4,False,4.0,1,6,False,-26.56889,-26.555,145.1433,145.19,4.89,Candidate
64,-34.62167,139.11666666666667,3,1,S4,False,4.0,2,1,False,-34.62167,-34.62167,139.1,139.1333333,3.04,Candidate
253,-26.61722333333333,147.65333333333334,3,1,S4,False,4.0,1,1,False,-26.62833,-26.61167,147.65,147.66,2.1,Candidate
27,-36.38972,146.23592223333333,3,1,S4,False,4.0,1,1,False,-36.38972,-36.38972,146.2166667,146.2594,3.82,Candidate
143,-32.4460425,143.07505,4,1,S4,False,4.0,1,8,False,-32.48361,-32.41417,143.05,143.1008,9.06,Candidate
139,-32.52777666666666,144.55555556666667,3,1,S4,False,4.0,1,1,False,-32.53333,-32.525,144.5166667,144.6,7.85,Candidate
187,-30.4195858325,146.288966675,4,1,S4,False,3.0,1,4,False,-30.43306,-30.40195,146.2666667,146.3125,5.58,Candidate
264,-26.499612223333333,145.57084443333335,3,1,S4,False,2.0,1,1,False,-26.51167,-26.48716667,145.55,145.5917,4.96,Candidate
225,-28.56494555333333,148.3062778,3,1,S4,False,2.0,1,1,False,-28.56667,-28.56383333,148.3,148.3106667,1.09,Candidate
232,-28.4971666675,144.10066667499999,4,1,S4,False,2.0,1,1,False,-28.51866667,-28.49,144.0833333,144.1166667,4.55,Candidate
101,-33.79203666666667,147.03666666666666,3,1,S4,False,1.0,1,1,False,-33.80889,-33.78333,147.0317,147.045,3.09,Candidate
30,-36.36666,142.60555553333333,3,1,S4,False,1.0,1,1,False,-36.36666,-36.36666,142.5833333,142.6333333,4.47,Candidate
270,-26.48648,146.169,3,1,S4,False,0.0,0,1,False,-26.5,-26.47222,146.15,146.2,5.85,Candidate
49,-35.707716000000005,139.25096033333332,3,1,S3,False,0.0,0,2,False,-35.707748,-35.7077,139.2509,139.251,0.01,Candidate
113,-33.312224,141.71616,5,2,"S3,S4",True,0.0,0,6,False,-33.34167,-33.285,141.7069,141.7236,6.48,Priority
95,-33.9865975,144.22015,4,2,"S3,S4",True,0.0,0,3,False,-33.99306,-33.97833,144.2011,144.2403,3.96,Priority
45,-35.760998666666666,141.970837,6,2,"S3,S4",True,0.0,0,6,False,-35.77945,-35.7515,141.9553,141.9961,4.81,Priority
224,-28.558333333333334,148.4388889,3,1,S4,False,0.0,0,1,False,-28.575,-28.55,148.4166667,148.4666667,5.61,Candidate
