cluster_id,region,centroid_lat,centroid_lon,multi_source,has_breeding,habitat_tier,total_abundance,n_points,n_species,n_years,extent_km,urban_fraction_pct,n_sources,sources,predicted_suitability,suitability_tier
189,Northern Basin,-30.150203968225355,145.42527429190957,False,True,Breeding confirmed,3642.0,8,47,10,10.87,0.0,1,S1,0.15584829961911237,Low
198,Northern Basin,-29.5774101223222,148.97451863610823,False,True,Breeding confirmed,2425.0,5,32,2,3.47,0.0,1,"S1,S3,S4",0.20444022606022885,High
66,Southern Basin,-34.48502693989819,145.22717985155194,False,True,Breeding confirmed,58037.0,254,45,25,82.27,0.2499527621582341,1,"S1,S4",0.18984566461289837,Moderate
207,Northern Basin,-29.315646600911947,149.2588731365815,False,True,Breeding confirmed,3576.0,3,34,7,3.73,0.0,1,"S1,S4",0.21273969020809658,High
53,"Coorong, Lower Lakes and Murray Mouth Ramsar site",-35.44365464149718,139.15951522420974,False,True,Breeding confirmed,570472.0,6,56,9,10.78,0.0,1,S3,0.7571854581168422,High
157,Northern Basin,-30.86853725653612,147.60946168868392,False,True,Breeding confirmed,306286.0,3,34,3,4.21,0.0,1,S3,0.18918752230597286,Moderate
92,Wimmera Disconnected,-34.11892216028266,141.15745487500297,False,True,Breeding confirmed,119586.0,4,42,4,4.39,0.0,1,S3,0.2490571514862253,High
41,"Coorong, Lower Lakes and Murray Mouth Ramsar site",-35.9099062587872,139.41209846711646,False,True,Breeding confirmed,73227.0,3,31,2,0.33,0.0,1,S3,0.7701400110971693,High
31,Southern Basin,-36.27981416577073,139.72859988365445,False,True,Breeding confirmed,14230.0,3,18,2,2.54,0.650954390120106,1,S3,0.2275349480384396,High
35,Wimmera Disconnected,-36.05130735373462,141.90585228001228,False,True,Breeding confirmed,10256.0,3,29,4,0.26,0.0,1,S3,0.46807517923429004,High
29,"Coorong, Lower Lakes and Murray Mouth Ramsar site",-36.34990973850532,139.754266240367,False,True,Breeding confirmed,98858.0,3,30,29,4.84,0.0082850822058852,1,"S3,S4",0.2924105688287502,High
211,Northern Basin,-28.9888909586574,144.83120113976025,False,True,Breeding confirmed,51365.0,3,26,1,2.0,0.0,1,"S3,S4",0.2649734974776554,High
114,Southern Basin,-33.30325602366254,141.99908952532817,False,True,Breeding confirmed,39332.0,8,19,4,1.71,0.0,1,"S3,S4",0.39241949923270747,High
17,Southern Basin,-36.50940885626763,147.069146542815,False,True,Breeding confirmed,2867.0,4,13,1,3.19,1.7785570735964162,1,"S3,S4",0.20185625739312338,Moderate
23,"Coorong, Lower Lakes and Murray Mouth Ramsar site",-36.45909977101012,139.80078860312526,False,True,Breeding confirmed,127690.0,4,23,35,7.43,0.0,1,S4,0.3812744591029728,High
6,Wimmera Disconnected,-36.49763924998229,143.06477541915888,False,True,Breeding confirmed,61939.0,127,36,28,59.99,0.4031444916015211,1,S4,0.18047622977987443,Moderate
169,Northern Basin,-30.480184655715306,148.14947113841924,False,True,Breeding confirmed,53168.0,216,29,28,119.18,0.0248401712897379,1,S4,0.20236010641239416,Moderate
250,Northern Basin,-26.53955210676799,148.52796566562358,False,True,Breeding confirmed,41021.0,961,29,30,301.33,0.2768569736362299,1,S4,0.17597016659971898,Moderate
219,Northern Basin,-28.53894467665312,148.84670984149105,False,True,Breeding confirmed,37568.0,37,31,20,34.79,0.0778332037427918,1,S4,0.1990524408407937,Moderate
21,Southern Basin,-36.4294295499165,144.18884846816303,False,True,Breeding confirmed,34059.0,61,25,37,36.29,0.2201132047090897,1,S4,0.18487338102406697,Moderate
164,Northern Basin,-30.50772286777716,150.0031058273611,False,True,Breeding confirmed,27569.0,142,23,33,43.58,0.184869970575042,1,S4,0.18387977681652273,Moderate
127,Lachlan Disconnected,-32.4639723490915,147.3709106332526,False,True,Breeding confirmed,24438.0,515,28,18,216.96,0.0732804541581795,1,S4,0.14969800903577632,Low
243,Northern Basin,-28.406338003405992,146.69024787090729,False,True,Breeding confirmed,18223.0,55,25,14,36.53,0.0009254517703271452,1,S4,0.12614876236589925,Low
12,Wimmera Disconnected,-36.4203150616171,141.90758520525958,False,True,Breeding confirmed,15799.0,67,20,24,38.86,1.0348897780963149,1,S4,0.20282083172052687,High
247,Northern Basin,-28.390045434756978,148.31380102940943,False,True,Breeding confirmed,13992.0,19,20,27,21.12,0.0191130216233394,1,S4,0.20508878396701932,High
25,Southern Basin,-36.43833531681675,146.44396348626012,False,True,Breeding confirmed,13368.0,7,25,27,12.17,1.116642383757333,1,S4,0.19697067967000928,Moderate
215,Northern Basin,-28.535008275789483,145.0776735169304,False,True,Breeding confirmed,12890.0,102,25,17,41.84,0.0004747134555681469,1,S4,0.050122513263105385,Low
10,Southern Basin,-36.54331443642372,146.6094899348219,False,True,Breeding confirmed,5665.0,43,21,18,56.37,0.7094708742951525,1,S4,0.19344063683874835,Moderate
231,Northern Basin,-28.47128248665361,148.83077921382423,False,True,Breeding confirmed,5528.0,13,19,25,14.23,0.2986894798311825,1,S4,0.1879456322798397,Moderate
242,Northern Basin,-28.41961942240718,150.2157628475134,False,True,Breeding confirmed,5014.0,5,17,7,10.28,0.0244867959383762,1,S4,0.2262157569436663,High
165,Northern Basin,-30.50541708578207,151.243884609191,False,True,Breeding confirmed,4996.0,106,16,10,65.05,0.1183004452218209,1,S4,0.1913781789618351,Moderate
226,Northern Basin,-28.53051769574989,145.4382457860743,False,True,Breeding confirmed,4440.0,22,16,18,20.73,0.0028118348640811,1,S4,0.06202679831195682,Low
24,Southern Basin,-36.4049692096245,149.13795565774876,False,True,Breeding confirmed,3900.0,23,14,12,21.88,0.0557870877128786,1,S4,0.18357084834099463,Moderate
69,Lachlan Disconnected,-34.46168657057093,149.29021031916128,False,True,Breeding confirmed,3238.0,160,12,12,55.54,0.2363941157032051,1,S4,0.19324264158165166,Moderate
26,Wimmera Disconnected,-36.40354127564604,141.56530145153067,False,True,Breeding confirmed,2841.0,11,19,23,15.49,0.3013384621401199,1,S4,0.19990926409117912,Moderate
186,Northern Basin,-30.40250567807555,149.5884093135249,False,True,Breeding confirmed,2639.0,63,11,26,42.31,0.1614855587110129,1,S4,0.18263499604863562,Moderate
271,Northern Basin,-26.432820993142524,146.6717087204505,False,True,Breeding confirmed,2171.0,7,25,7,12.03,0.0627896184898382,1,S4,0.1554920560062725,Low
234,Northern Basin,-28.48999503376536,149.3437622236114,False,True,Breeding confirmed,1959.0,6,17,8,6.56,0.0037577210362346,1,S4,0.12028223744141026,Low
4,Southern Basin,-36.593810463962924,145.21505547523202,False,True,Breeding confirmed,1744.0,10,17,11,10.73,1.7431294693922226,1,S4,0.19185328318213293,Moderate
130,Southern Basin,-32.519833742305515,144.67726564785156,False,True,Breeding confirmed,1474.0,14,16,15,17.55,0.0028836858200098,1,S4,0.08476503363993619,Low
218,Northern Basin,-28.52963857862867,144.30285502883092,False,True,Breeding confirmed,1283.0,56,12,16,34.15,0.0,1,S4,0.04814012156325149,Low
180,Northern Basin,-30.450460583200908,146.0595263889263,False,True,Breeding confirmed,1176.0,29,11,7,30.78,0.0142555970828705,1,S4,0.07716913329017393,Low
258,Northern Basin,-26.526727155273665,146.0250584696488,False,True,Breeding confirmed,1026.0,41,12,18,24.26,0.0753434729631389,1,S4,0.1152279863714111,Low
166,Northern Basin,-30.55085180838377,148.96649108234303,False,True,Breeding confirmed,330.0,21,15,15,27.99,0.009657180806714,1,S4,0.174305341921933,Moderate
179,Northern Basin,-30.506479133440312,145.12518115376255,False,False,Candidate,2112.0,5,23,3,4.43,0.0,1,S3,0.08899709417368108,Low
120,Northern Basin,-32.68652022293247,149.1856022122552,False,False,Candidate,623.0,3,13,1,0.75,0.0,1,S3,0.19647441246229452,Moderate
49,Southern Basin,-35.70771723361596,139.25095993941153,False,False,Candidate,0.0,3,0,2,0.01,0.0,1,S3,0.18394456892404606,Moderate
65,Southern Basin,-34.53050005412377,144.56435599096173,False,False,Candidate,55928.0,78,25,15,47.8,0.0226450396647953,1,"S3,S4",0.21262485751394142,High
100,Lachlan Disconnected,-33.84685971288495,144.49282366349271,False,False,Candidate,14191.0,13,36,4,12.1,0.0004162976786343543,1,"S3,S4",0.2130763621139434,High
104,Lachlan Disconnected,-33.76817329543256,144.62953355992758,False,False,Candidate,2503.0,3,12,1,0.66,0.0,1,"S3,S4",0.22897046488585943,High
151,Southern Basin,-32.34074408225644,143.07160111210797,False,False,Candidate,1411.0,3,8,8,2.97,0.0,1,"S3,S4",0.19218639632062487,Moderate
147,Southern Basin,-32.403176623269,142.6338896383468,False,False,Candidate,23721.0,4,29,24,7.68,0.0,1,S4,0.19716854831673208,Moderate
245,Northern Basin,-28.43301373441088,150.82601109559505,False,False,Candidate,11128.0,3,12,9,2.63,0.0,1,S4,0.1850599679070609,Moderate
144,Northern Basin,-32.42925899632445,148.7228544205458,False,False,Candidate,10199.0,3,23,35,6.57,0.1982108683812463,1,S4,0.1868072703040879,Moderate
156,Southern Basin,-31.466283433598885,142.14140205735274,False,False,Candidate,6040.0,6,18,1,10.93,0.0054861550959711,1,S4,0.0723901277776691,Low
195,Northern Basin,-29.66120214712744,149.29250072910062,False,False,Candidate,5966.0,3,17,2,5.66,0.0633624790383561,1,S4,0.21041425291978597,High
171,Northern Basin,-30.56509481523497,148.04454608893246,False,False,Candidate,5090.0,5,19,4,8.13,0.0,1,S4,0.21034982910410527,High
148,Southern Basin,-32.4001877202304,142.77266641205472,False,False,Candidate,4419.0,3,26,10,4.15,0.0,1,S4,0.1847361983995033,Moderate
0,Wimmera Disconnected,-36.62095585308534,141.96907209182834,False,False,Candidate,4266.0,27,21,23,13.67,0.0777653853162534,1,S4,0.20224074716968388,Moderate
223,Northern Basin,-28.562862013466624,144.90429315457564,False,False,Candidate,4121.0,7,21,11,6.54,0.0,1,S4,0.04955948799254068,Low
244,Northern Basin,-28.442201171454315,149.6458339966445,False,False,Candidate,3935.0,3,17,17,2.92,0.0,1,S4,0.22985259649621573,High
217,Northern Basin,-28.532347771003145,148.15980508371558,False,False,Candidate,3694.0,57,12,9,25.02,0.1940531427921374,1,S4,0.21856099027790107,High
3,Southern Basin,-36.563737922007206,143.89718194151683,False,False,Candidate,3275.0,21,24,29,18.27,1.704692894294134,1,S4,0.17983830163688544,Moderate
235,Northern Basin,-28.481284407860308,145.70041006022493,False,False,Candidate,2826.0,16,6,11,14.77,0.001047414510678,1,S4,0.18822834591406876,Moderate
251,Northern Basin,-26.556907824226503,150.76971428682003,False,False,Candidate,2703.0,58,18,14,36.1,0.0596882331153274,1,S4,0.18717138135822245,Moderate
68,Southern Basin,-34.523644955185695,143.3093523179765,False,False,Candidate,2684.0,24,10,7,17.32,0.0008877799615849534,1,S4,0.12911251748754737,Low
132,Lachlan Disconnected,-32.4809711729911,145.02231932200547,False,False,Candidate,2612.0,46,13,14,51.68,0.0007376699903274363,1,S4,0.08425695838513603,Low
126,Southern Basin,-32.57809874720707,143.5205809739376,False,False,Candidate,2435.0,6,8,1,6.22,0.0,1,S4,0.10625787720507877,Low
131,Southern Basin,-32.528380010514525,144.12960878738338,False,False,Candidate,2045.0,29,13,10,27.22,0.0032154247992991,1,S4,0.11169315583768563,Low
175,Northern Basin,-30.51632646497632,150.7117575052784,False,False,Candidate,1878.0,11,14,9,16.47,0.0022919707624075,1,S4,0.205419213889972,High
236,Northern Basin,-28.489022738173585,150.68155538347472,False,False,Candidate,1416.0,5,16,8,6.51,0.1641917124992248,1,S4,0.18453494510897248,Moderate
135,Lachlan Disconnected,-32.49154606078219,145.83126214415515,False,False,Candidate,1412.0,47,18,22,53.07,0.0260530498063883,1,S4,0.14701463836921388,Low
263,Northern Basin,-26.48941373009237,151.0354893137499,False,False,Candidate,1250.0,12,19,17,11.65,0.0614887443665876,1,S4,0.19084956353916505,Moderate
177,Northern Basin,-30.515167794278632,144.11275999053015,False,False,Candidate,1195.0,6,8,5,4.13,0.0,1,S4,0.09467864476933009,Low
153,Northern Basin,-32.26088227595549,148.1353112656326,False,False,Candidate,1047.0,8,14,1,13.98,0.0420162213534998,1,S4,0.1637718343347105,Low
227,Northern Basin,-28.465112356591725,146.1008575930393,False,False,Candidate,982.0,23,17,25,24.0,0.0005801228877725633,1,S4,0.17915038815647846,Moderate
191,Northern Basin,-30.070464145428,145.9825997223511,False,False,Candidate,885.0,3,18,1,6.06,0.0,1,S4,0.2609972113164801,High
71,Southern Basin,-34.48368429525622,146.5327586159696,False,False,Candidate,779.0,7,9,5,12.56,0.2878441989489543,1,S4,0.16012459052166433,Low
89,Lachlan Disconnected,-34.16935429235431,144.36270093380094,False,False,Candidate,757.0,3,11,1,1.42,0.0,1,S4,0.20371059290700905,High
83,Southern Basin,-34.22287404873925,146.15159903937297,False,False,Candidate,748.0,3,14,1,4.41,0.3105362190380982,1,S4,0.18837987069862966,Moderate
2,Wimmera Disconnected,-36.59290538459189,142.6424076407675,False,False,Candidate,715.0,10,17,13,18.24,0.3001290742097937,1,S4,0.19199393941852644,Moderate
141,Southern Basin,-32.475010902600026,142.95862266771738,False,False,Candidate,677.0,5,16,8,11.22,0.0040482700296352,1,S4,0.14767518371746852,Low
145,Southern Basin,-32.41500621274557,143.4669391888487,False,False,Candidate,652.0,4,4,1,5.42,0.0,1,S4,0.08568905418870106,Low
163,Northern Basin,-30.61211383769263,147.66400099160998,False,False,Candidate,645.0,3,7,1,7.38,0.0019762960724021,1,S4,0.18515988413220386,Moderate
252,Northern Basin,-26.55479611795656,150.30678984303984,False,False,Candidate,586.0,65,9,8,53.11,0.0684742838322517,1,S4,0.1796693588482466,Moderate
222,Northern Basin,-28.56802457044159,147.22794392194368,False,False,Candidate,543.0,4,5,5,3.61,0.0,1,S4,0.09473449824831436,Low
216,Northern Basin,-28.57924731430088,147.99956567347732,False,False,Candidate,502.0,11,9,3,19.33,0.0337056346643308,1,S4,0.21039910244880683,High
124,Southern Basin,-32.62425656385572,143.85926515832296,False,False,Candidate,495.0,4,7,5,2.1,0.0,1,S4,0.11007172882816417,Low
125,Southern Basin,-32.58944653407655,144.52851136939665,False,False,Candidate,482.0,7,15,13,9.59,0.0,1,S4,0.07647933066672957,Low
221,Northern Basin,-28.579260432041316,145.8425649844291,False,False,Candidate,481.0,3,6,7,3.87,0.0,1,S4,0.1784780126032654,Moderate
155,Northern Basin,-32.16694424445423,148.39519928583692,False,False,Candidate,404.0,3,16,1,4.48,0.2661525229571294,1,S4,0.21897603490445894,High
123,Southern Basin,-32.588238972078784,144.37017107166088,False,False,Candidate,380.0,9,6,6,13.44,0.0,1,S4,0.08720209208715358,Low
140,Northern Basin,-32.502567451714,149.58120216330903,False,False,Candidate,361.0,14,5,3,18.9,0.447645443034713,1,S4,0.18667857548600558,Moderate
70,Southern Basin,-34.5211152863588,140.4888847058167,False,False,Candidate,343.0,4,4,1,8.39,0.024463336553673,1,S4,0.1275631996619777,Low
230,Northern Basin,-28.47563010476348,147.49078485205155,False,False,Candidate,341.0,19,5,2,16.96,0.0,1,S4,0.12033179171599123,Low
18,Southern Basin,-36.502567636405146,145.59094782088025,False,False,Candidate,336.0,8,13,3,9.25,0.1612305398919148,1,S4,0.1925222755972163,Moderate
254,Northern Basin,-26.60470588975841,150.3321624995054,False,False,Candidate,318.0,6,13,9,3.08,0.0346370378017181,1,S4,0.19432307181225245,Moderate
185,Northern Basin,-30.47444798698685,143.52777516558024,False,False,Candidate,317.0,5,4,2,6.4,0.0,1,S4,0.043484907228276005,Low
229,Northern Basin,-28.49825003631421,146.37267678350747,False,False,Candidate,298.0,16,9,17,20.26,0.0053974913730096,1,S4,0.16171890411989492,Low
28,Southern Basin,-36.36946887327191,146.7391313073495,False,False,Candidate,259.0,10,14,18,6.78,0.5868585438313829,1,S4,0.19437781736153031,Moderate
173,Northern Basin,-30.51580809939653,146.6540832294005,False,False,Candidate,254.0,7,9,8,10.55,0.0,1,S4,0.1602368884641116,Low
260,Northern Basin,-26.522538392696838,146.39848440964175,False,False,Candidate,252.0,22,12,19,27.73,0.0007891171628615004,1,S4,0.11309749190097693,Low
119,Northern Basin,-32.687730900634314,148.1423451783925,False,False,Candidate,245.0,7,6,1,16.22,0.0992858718508123,1,S4,0.16847869426348672,Low
241,Northern Basin,-28.41645608350921,147.2836122991367,False,False,Candidate,239.0,11,5,9,11.14,0.0,1,S4,0.08947246652355689,Low
269,Northern Basin,-26.476018026401192,145.4390660729698,False,False,Candidate,227.0,3,4,5,5.0,0.0,1,S4,0.12078023365396469,Low
5,Wimmera Disconnected,-36.60120303968699,142.36990259053402,False,False,Candidate,178.0,5,6,1,4.6,3.415065569599953,1,S4,0.1938886366198701,Moderate
257,Northern Basin,-26.534164343599237,146.6221378363626,False,False,Candidate,168.0,6,11,16,10.23,0.0,1,S4,0.12749266906089274,Low
76,Wimmera Disconnected,-34.37277769793414,142.15832206916878,False,False,Candidate,161.0,4,5,1,7.9,0.2469245896948201,1,S4,0.1517811845246965,Low
262,Northern Basin,-26.51139125839757,151.16667794631593,False,False,Candidate,159.0,4,8,1,4.44,0.019020212892124,1,S4,0.18435918590482858,Moderate
213,Northern Basin,-28.65698109840045,144.86712220129672,False,False,Candidate,153.0,5,4,1,4.72,0.0,1,S4,0.08509504123170568,Low
168,Northern Basin,-30.583057090057604,150.4383876130912,False,False,Candidate,150.0,3,2,1,2.84,0.0,1,S4,0.18942327779745535,Moderate
133,Lachlan Disconnected,-32.56249524244031,145.01788991814624,False,False,Candidate,134.0,3,6,1,3.69,0.0,1,S4,0.12953601090676756,Low
118,Northern Basin,-32.90435339261042,148.09016665095928,False,False,Candidate,111.0,3,8,1,7.19,0.2893944083512885,1,S4,0.19259324062014066,Moderate
190,Northern Basin,-30.118680245620524,144.96542048781555,False,False,Candidate,108.0,4,4,1,11.69,0.0,1,S4,0.07297784298957315,Low
77,Southern Basin,-34.36881908193087,147.05504702990947,False,False,Candidate,101.0,11,3,2,12.5,0.2271993465135791,1,S4,0.16034264091397138,Low
19,Wimmera Disconnected,-36.4913335280862,142.4446228221447,False,False,Candidate,98.0,5,3,2,7.83,0.2731479570792141,1,S4,0.19387598465854683,Moderate
79,Southern Basin,-34.36833133099326,144.9238997116025,False,False,Candidate,94.0,3,2,1,1.63,0.0,1,S4,0.18262617797615527,Moderate
182,Northern Basin,-30.4708500825012,146.4287229690581,False,False,Candidate,93.0,12,5,12,18.98,0.0051992938647383,1,S4,0.08317791959999404,Low
233,Northern Basin,-28.499946344234672,150.44594625036098,False,False,Candidate,79.0,4,4,2,5.94,0.6130298362281372,1,S4,0.20242799128205127,Moderate
122,Southern Basin,-32.63517602988736,143.9701445241063,False,False,Candidate,75.0,4,1,2,4.49,0.0,1,S4,0.09412822460385553,Low
134,Lachlan Disconnected,-32.56915622927274,146.94621877104103,False,False,Candidate,71.0,6,3,1,13.0,0.0381903932427325,1,S4,0.1650828243755793,Low
183,Northern Basin,-30.47827269431488,149.1392374151787,False,False,Candidate,67.0,5,5,1,7.31,0.0078240354183958,1,S4,0.16881416390536663,Low
176,Northern Basin,-30.517825031413864,149.40270592097278,False,False,Candidate,66.0,10,4,2,13.56,0.0,1,S4,0.18688460809888555,Moderate
146,Southern Basin,-32.42870986650814,143.6546416956674,False,False,Candidate,65.0,3,5,5,5.67,0.0,1,S4,0.10603706271040121,Low
259,Northern Basin,-26.520293411675848,146.75087955841877,False,False,Candidate,60.0,9,5,2,12.0,0.0,1,S4,0.15617928707184237,Low
11,Southern Basin,-36.56082144730341,144.25571243014852,False,False,Candidate,59.0,5,3,2,8.57,0.3155024228901608,1,S4,0.16918380097514665,Low
238,Northern Basin,-28.45845852064964,144.4832267740213,False,False,Candidate,59.0,8,2,6,10.87,0.0,1,S4,0.04665885523475694,Low
13,Southern Basin,-36.5244469637071,146.23279271838294,False,False,Candidate,58.0,3,6,5,5.04,0.5735677532359581,1,S4,0.18579755788597077,Moderate
174,Northern Basin,-30.486175402933068,150.4665307365819,False,False,Candidate,54.0,12,2,1,13.03,0.1316266760075631,1,S4,0.18820059081263993,Moderate
248,Northern Basin,-28.423426392383984,146.98332211066105,False,False,Candidate,38.0,3,2,1,6.69,0.0,1,S4,0.16250354023050395,Low
15,Wimmera Disconnected,-36.50691865110461,143.5037033410514,False,False,Candidate,36.0,5,5,3,9.09,0.2369919800657965,1,S4,0.16496657158587824,Low
162,Northern Basin,-30.62389535002289,147.10653832012588,False,False,Candidate,31.0,5,2,1,11.27,0.0,1,S4,0.16464112210038623,Low
265,Northern Basin,-26.491825160226817,148.9234931442528,False,False,Candidate,29.0,4,4,4,5.65,0.0329690362568896,1,S4,0.2011014946660958,Moderate
267,Northern Basin,-26.49125804104311,144.99525430652986,False,False,Candidate,27.0,3,2,12,5.37,0.0,1,S4,0.12294215726973233,Low
255,Northern Basin,-26.570200864131834,145.84976791615148,False,False,Candidate,25.0,6,3,1,5.7,0.0195681083999878,1,S4,0.11461752651480478,Low
239,Northern Basin,-28.451562643177837,148.59583480811537,False,False,Candidate,25.0,10,3,2,15.94,0.0109223889622273,1,S4,0.19440426482372725,Moderate
14,Southern Basin,-36.51944682566375,146.93333415569066,False,False,Candidate,23.0,3,5,1,5.04,0.0,1,S4,0.17148525136936776,Moderate
149,Lachlan Disconnected,-32.38699959684822,146.23728081499522,False,False,Candidate,23.0,5,1,3,10.11,0.0,1,S4,0.1298124636441156,Low
75,Lachlan Disconnected,-34.387499821758894,149.72732292153563,False,False,Candidate,22.0,3,2,1,3.2,0.0,1,S4,0.1736828862174508,Moderate
16,Southern Basin,-36.50622526824205,143.70167127763273,False,False,Candidate,21.0,4,3,2,9.09,0.177311849758764,1,S4,0.17028600109305778,Moderate
261,Northern Basin,-26.53822485515291,145.42911227992815,False,False,Candidate,20.0,3,2,1,6.46,0.0,1,S4,0.09080762277238932,Low
138,Lachlan Disconnected,-32.544448278363674,146.6888918882428,False,False,Candidate,19.0,3,3,1,6.37,0.0,1,S4,0.11035979678475473,Low
266,Northern Basin,-26.49148580170649,145.3355336697181,False,False,Candidate,19.0,6,1,2,8.86,0.0,1,S4,0.11421772512452778,Low
237,Northern Basin,-28.48907193585345,144.60862184229092,False,False,Candidate,18.0,4,2,7,2.51,0.0,1,S4,0.08890324826948967,Low
136,Lachlan Disconnected,-32.54074073414157,146.75740691903286,False,False,Candidate,16.0,4,2,3,7.56,0.0,1,S4,0.11367999597231405,Low
220,Northern Basin,-28.53722235867652,147.76195481179684,False,False,Candidate,16.0,15,3,7,30.21,0.0030139990112854,1,S4,0.15932994143314966,Low
8,Southern Basin,-36.58990741530415,146.17667627128952,False,False,Candidate,16.0,3,3,1,4.2,0.0204599394385792,1,S4,0.18668285295465858,Moderate
228,Northern Basin,-28.494712037563684,144.72364874269624,False,False,Candidate,14.0,6,2,9,10.7,0.0,1,S4,0.042675772687524476,Low
20,Wimmera Disconnected,-36.48666918312899,142.61212388414046,False,False,Candidate,12.0,6,4,2,10.85,0.6055875052064208,1,S4,0.19205630736175192,Moderate
142,Southern Basin,-32.47629871995172,142.82426305290198,False,False,Candidate,12.0,3,2,8,5.83,0.0,1,S4,0.14273056586372687,Low
240,Northern Basin,-28.46899868133785,147.1921116032438,False,False,Candidate,11.0,3,3,1,4.09,0.0,1,S4,0.10184453979923529,Low
106,Lachlan Disconnected,-33.59067592074627,147.15421201195582,False,False,Candidate,11.0,4,1,1,6.91,0.0251839744523538,1,S4,0.1686260774003328,Low
268,Northern Basin,-26.44865078916653,146.97951311196493,False,False,Candidate,10.0,6,3,5,9.39,0.0,1,S4,0.14229050373352925,Low
73,Wimmera Disconnected,-34.462960823358806,141.492044698323,False,False,Candidate,9.0,3,3,1,1.23,0.0,1,S4,0.051614412494748185,Low
22,Southern Basin,-36.45481433328731,143.91333270827604,False,False,Candidate,7.0,4,3,1,3.78,0.032687199735312,1,S4,0.17838614666037222,Moderate
181,Northern Basin,-30.49991983179012,149.0329680581784,False,False,Candidate,5.0,4,2,2,9.98,0.0,1,S4,0.17751162901289014,Moderate
256,Northern Basin,-26.56079736323859,145.16204138385993,False,False,Candidate,4.0,3,1,6,4.89,0.0,1,S4,0.07934135981342094,Low
253,Northern Basin,-26.61722297696725,147.65333343284834,False,False,Candidate,4.0,3,1,1,2.1,0.0,1,S4,0.1641296015728406,Low
143,Southern Basin,-32.446913294200066,143.07762361013428,False,False,Candidate,4.0,4,1,8,9.06,0.0,1,S4,0.1771399264856256,Moderate
139,Southern Basin,-32.527777925298,144.55554841022817,False,False,Candidate,4.0,3,1,1,7.85,0.0,1,S4,0.08044893887243015,Low
187,Northern Basin,-30.419610292037373,146.28740184421903,False,False,Candidate,3.0,4,1,4,5.58,0.0,1,S4,0.09218267381913384,Low
264,Northern Basin,-26.499613646866116,145.57084318048712,False,False,Candidate,2.0,3,1,1,4.96,0.0,1,S4,0.12167192974923643,Low
225,Northern Basin,-28.564944945611845,148.30627797773198,False,False,Candidate,2.0,3,1,1,1.09,0.0,1,S4,0.16747165874955267,Low
232,Northern Basin,-28.499555827291697,144.10088918265822,False,False,Candidate,2.0,4,1,1,4.55,0.0,1,S4,0.035421970283438894,Low
101,Lachlan Disconnected,-33.79203704832239,147.036668305599,False,False,Candidate,1.0,3,1,1,3.09,0.0,1,S4,0.1721533781982356,Moderate
270,Northern Basin,-26.48648227755973,146.168999777574,False,False,Candidate,0.0,3,0,1,5.85,0.0,1,S4,0.13490011127070164,Low
224,Northern Basin,-28.558335070584043,148.43888904501134,False,False,Candidate,0.0,3,0,1,5.61,0.0,1,S4,0.15837596143637186,Low
59,Lachlan Disconnected,-34.47670435165766,143.8484720211485,True,True,Priority,2933264.0,515,57,35,97.73,0.0711777555473092,2,"S1,S2,S3,S4",0.19219086860582574,Moderate
61,Lachlan Disconnected,-34.486044010750184,147.20588876793917,True,True,Priority,301377.0,1197,43,38,309.83,0.4304583613291874,2,"S1,S3,S4",0.17446675307615112,Moderate
204,Northern Basin,-29.32042126334943,149.31487788855142,True,True,Priority,180029.0,90,70,11,39.4,0.0310284548516852,2,"S1,S3,S4",0.20928805260778338,High
206,Northern Basin,-29.323399031049497,149.53442637186225,True,True,Priority,18637.0,9,54,11,6.33,0.0,2,"S1,S3,S4",0.20003340917776202,Moderate
209,Northern Basin,-29.235615550597743,149.49812048741865,True,True,Priority,13611.0,14,38,10,9.79,0.0349740153842004,2,"S1,S3,S4",0.20873021876880518,High
196,Northern Basin,-29.569205138333523,149.2713657507307,True,True,Priority,4474.0,19,43,10,13.1,0.0414601911279095,2,"S1,S3,S4",0.21036434627680003,High
203,Northern Basin,-29.41618333374633,149.55488375978487,True,False,Priority,3560.0,11,24,11,8.68,0.0719491677346471,2,"S1,S3,S4",0.20368930994700676,High
199,Northern Basin,-29.55693449632413,149.6423110422227,True,True,Priority,1323.0,10,38,11,11.89,0.3145920962058247,2,"S1,S3,S4",0.19555238610705014,Moderate
200,Northern Basin,-29.567642880871336,149.40833253394237,True,True,Priority,174.0,4,14,10,0.47,0.0,2,"S1,S3,S4",0.2105211923828057,High
103,Lachlan Disconnected,-33.76923924153148,144.88389374390823,True,True,Priority,350815.0,5,28,7,5.11,0.0,2,"S2,S3,S4",0.20490825621497236,High
50,Southern Basin,-35.57954737151655,138.98244430500864,True,True,Priority,1357532.0,19,54,12,18.11,0.0744101323660619,2,"S3,S4",0.481497023358257,High
212,Northern Basin,-28.706068976707236,144.29122911360335,True,True,Priority,764646.0,22,58,10,13.35,0.0,2,"S3,S4",0.2813794644824159,High
121,Southern Basin,-32.415219715834375,142.33209584904355,True,True,Priority,683449.0,142,50,31,59.37,0.1236158362008643,2,"S3,S4",0.29241829429605476,High
161,Northern Basin,-30.524839013256408,147.20181387588815,True,True,Priority,565448.0,196,44,36,79.96,0.0109623732061493,2,"S3,S4",0.18069074866274212,Moderate
159,Northern Basin,-30.560263843023613,143.72094818115335,True,True,Priority,525002.0,68,59,38,39.62,0.0015677780567571,2,"S3,S4",0.11035387324656128,Low
48,Wimmera Disconnected,-35.637507882458365,143.80109836954634,True,True,Priority,504154.0,93,41,11,27.38,0.4418260144813036,2,"S3,S4",0.26260931267275894,High
51,"Coorong, Lower Lakes and Murray Mouth Ramsar site",-35.611142633677176,139.2815726843277,True,True,Priority,476710.0,8,57,15,6.4,0.0,2,"S3,S4",0.6633625871675258,High
33,Southern Basin,-36.20033684881396,139.67825308528748,True,True,Priority,476058.0,5,54,14,6.0,0.2364660388756312,2,"S3,S4",0.19624520649832658,Moderate
7,Southern Basin,-36.50224246871706,144.94189056516882,True,True,Priority,427266.0,164,50,39,33.12,0.626120701961066,2,"S3,S4",0.21269754625518777,High
105,Lachlan Disconnected,-33.6208471912182,147.4705607531148,True,True,Priority,353449.0,8,61,14,5.28,0.0,2,"S3,S4",0.502981617273679,High
96,Lachlan Disconnected,-33.888764217717146,144.63475925837625,True,True,Priority,339391.0,39,35,6,20.69,0.0042683192195838,2,"S3,S4",0.20930911002542993,High
167,Northern Basin,-30.517715805329825,144.27799574442355,True,True,Priority,315497.0,70,38,21,38.21,0.00046045949957694977,2,"S3,S4",0.06677180834108738,Low
192,Northern Basin,-29.831323733800705,147.3621809639695,True,True,Priority,290087.0,14,55,9,9.41,0.0,2,"S3,S4",0.29149581443466405,High
129,Southern Basin,-32.49679190631206,143.31825551460284,True,True,Priority,278610.0,59,43,21,33.61,0.0016419500267021,2,"S3,S4",0.1827953085281439,Moderate
214,Northern Basin,-28.52114912671,150.1910420092735,True,True,Priority,274949.0,808,55,41,219.48,0.2602709340965451,2,"S3,S4",0.20441001525459154,High
34,"Coorong, Lower Lakes and Murray Mouth Ramsar site",-36.09834191545781,139.58589351201206,True,True,Priority,253011.0,4,32,3,1.39,0.0,2,"S3,S4",0.7622899421123346,High
108,Lachlan Disconnected,-33.484177526413944,145.99076454602104,True,True,Priority,235144.0,10,47,8,9.97,0.0844652641686869,2,"S3,S4",0.49201075181270243,High
46,"Coorong, Lower Lakes and Murray Mouth Ramsar site",-35.75222063253914,139.22493370015562,True,True,Priority,211055.0,4,39,3,1.44,0.0,2,"S3,S4",0.6312568563537667,High
172,Northern Basin,-30.55424463206129,144.99071719136592,True,True,Priority,190684.0,5,40,41,12.84,0.0,2,"S3,S4",0.22873289405268118,High
128,Southern Basin,-32.593023052984826,142.08508659847308,True,True,Priority,184292.0,4,34,28,5.98,0.0010190836564129,2,"S3,S4",0.28170869409204224,High
1,Southern Basin,-36.52699679418343,145.61297828487426,True,True,Priority,171666.0,229,48,42,87.26,0.778595093534488,2,"S3,S4",0.18425668258352929,Moderate
178,Northern Basin,-30.454521055058947,144.53795803246143,True,True,Priority,151701.0,23,40,19,24.63,0.0,2,"S3,S4",0.06395171480314076,Low
78,Southern Basin,-34.312094509849366,140.61955356822298,True,True,Priority,139703.0,51,32,8,21.81,1.6836686421167415,2,"S3,S4",0.23541339898811198,High
160,Northern Basin,-30.53806243118257,143.96175180929785,True,True,Priority,138172.0,52,37,24,35.69,0.00023521121225099308,2,"S3,S4",0.10296799587379561,Low
74,Southern Basin,-34.42818334227467,140.8511649249334,True,True,Priority,124945.0,6,35,37,7.12,0.0,2,"S3,S4",0.14360868680658367,Low
158,Northern Basin,-30.74123910638801,143.5764646449102,True,True,Priority,99711.0,9,41,7,7.12,0.0,2,"S3,S4",0.26381171612677873,High
62,Wimmera Disconnected,-34.5087766549619,142.223611597681,True,True,Priority,98786.0,122,31,35,59.47,0.2146542251600683,2,"S3,S4",0.16005955466800312,Low
208,Northern Basin,-29.263310150326955,144.91096835917634,True,False,Priority,97160.0,5,35,4,4.73,0.0,2,"S3,S4",0.21491917122450574,High
193,Northern Basin,-29.740882272033065,147.46054464542684,True,True,Priority,95100.0,25,37,8,10.3,0.0,2,"S3,S4",0.22872404810211147,High
85,Southern Basin,-34.09843776072328,140.76775052646093,True,True,Priority,92011.0,52,30,10,26.96,1.8099833850284792,2,"S3,S4",0.252155387722756,High
63,Southern Basin,-34.56133009760159,142.79523496008218,True,True,Priority,73959.0,45,35,39,30.52,1.1231567503368636,2,"S3,S4",0.20519730170040995,High
57,Wimmera Disconnected,-34.72601160143184,142.40899990477752,True,True,Priority,73877.0,133,29,11,18.83,0.0610877392498647,2,"S3,S4",0.1852689373063406,Moderate
52,Southern Basin,-35.51318573926577,138.81393799455475,True,True,Priority,73038.0,5,35,3,6.59,7.926458860943263,2,"S3,S4",0.4007136292209136,High
32,Wimmera Disconnected,-36.25768928453096,142.96309919891235,True,True,Priority,70066.0,6,34,10,3.73,0.0,2,"S3,S4",0.29062205507489375,High
72,Southern Basin,-34.41971079852517,140.56820506501472,True,True,Priority,54955.0,28,34,31,25.83,2.9213706988206,2,"S3,S4",0.1939064884683256,Moderate
137,Southern Basin,-32.50582807900445,142.00303851286526,True,False,Priority,51560.0,28,35,20,22.53,0.00022457206158911684,2,"S3,S4",0.10503671076934669,Low
154,Southern Basin,-32.1886649886025,142.65684800927096,True,True,Priority,51231.0,26,29,8,19.05,0.0043063583742792,2,"S3,S4",0.2355049128538302,High
39,Southern Basin,-35.86678250771226,144.9981164819936,True,True,Priority,46254.0,88,28,13,27.57,0.0383318555990807,2,"S3,S4",0.18946966669437276,Moderate
80,Southern Basin,-34.26699979379736,140.40010206305595,True,True,Priority,44457.0,26,33,8,21.34,3.1118202799543715,2,"S3,S4",0.26010284770362985,High
170,Northern Basin,-30.561298325547423,150.68025557491208,True,False,Priority,41770.0,6,31,28,3.62,0.0,2,"S3,S4",0.3984458882681697,High
91,Lachlan Disconnected,-34.087427864326365,144.53279191631097,True,True,Priority,40313.0,28,34,7,25.39,0.0005583705370607454,2,"S3,S4",0.21903151161024742,High
107,Lachlan Disconnected,-33.51553308047087,147.393834770132,True,True,Priority,38468.0,4,42,11,6.47,0.0,2,"S3,S4",0.29512786620613,High
116,Southern Basin,-33.16063971645203,141.9357886255454,True,True,Priority,35765.0,6,29,4,4.04,0.0,2,"S3,S4",0.16905652061377285,Low
84,Southern Basin,-34.21918420140352,139.87727060296652,True,False,Priority,35543.0,4,19,6,4.17,0.0,2,"S3,S4",0.14623316617575333,Low
94,Wimmera Disconnected,-33.96788136144898,140.95077045759248,True,True,Priority,34377.0,34,29,10,22.69,0.0138920529980904,2,"S3,S4",0.2333198964792413,High
210,Northern Basin,-29.215208199418655,149.11272275105796,True,True,Priority,28240.0,17,29,5,5.57,0.0,2,"S3,S4",0.22404700760298424,High
37,Southern Basin,-35.93948466947541,144.48171412538778,True,False,Priority,27107.0,17,17,8,13.53,0.0681608280046922,2,"S3,S4",0.19701312246371447,Moderate
86,Lachlan Disconnected,-34.1708203022644,143.9556978509823,True,False,Priority,22502.0,20,24,4,9.52,0.0,2,"S3,S4",0.174744499501202,Moderate
87,Wimmera Disconnected,-34.13993527111621,141.7228150304188,True,True,Priority,22034.0,41,27,9,33.38,0.0284159474761025,2,"S3,S4",0.24377096373912963,High
117,Southern Basin,-33.1369795059951,141.71741704337836,True,False,Priority,19793.0,6,22,5,2.48,0.0,2,"S3,S4",0.4027078673803406,High
111,Southern Basin,-33.35313651658158,141.83373376628498,True,True,Priority,19151.0,5,24,8,0.8,0.0,2,"S3,S4",0.4078048246004161,High
152,Southern Basin,-32.31412293042263,143.37209941404686,True,True,Priority,15995.0,6,33,4,2.5,0.0,2,"S3,S4",0.46785183728714497,High
110,Southern Basin,-33.4199177984374,141.8829894075693,True,False,Priority,12902.0,5,30,6,1.29,0.0,2,"S3,S4",0.4772897545213989,High
115,Lachlan Disconnected,-33.2556327299225,146.44276043292072,True,True,Priority,12756.0,9,35,8,10.14,0.3220457324910369,2,"S3,S4",0.2083541227271323,High
36,Southern Basin,-35.99407707386476,146.05539699630356,True,True,Priority,12654.0,3,28,9,5.47,0.0,2,"S3,S4",0.7653786234973781,High
99,Lachlan Disconnected,-33.91812971613452,144.24731500579946,True,True,Priority,8140.0,7,32,5,5.41,0.0,2,"S3,S4",0.2168594196224969,High
56,Southern Basin,-34.88282951286159,139.49820026933443,True,False,Priority,7934.0,8,31,7,17.6,0.6050838074552807,2,"S3,S4",0.21304852384073775,High
90,Wimmera Disconnected,-34.12056349973364,141.40353441131143,True,False,Priority,7918.0,13,25,10,11.75,0.0243645593971742,2,"S3,S4",0.24058863860943921,High
102,Lachlan Disconnected,-33.75205843000874,144.7463881023616,True,False,Priority,7699.0,11,24,5,12.77,0.0,2,"S3,S4",0.21512207727646682,High
93,Wimmera Disconnected,-34.07879895917334,141.24478900313565,True,False,Priority,7695.0,16,28,11,17.16,0.0192790408810687,2,"S3,S4",0.23714757148442653,High
109,Southern Basin,-33.46946593923181,141.7380138295658,True,True,Priority,6633.0,5,20,8,1.0,0.0,2,"S3,S4",0.407167529082583,High
42,Southern Basin,-35.85689050398341,145.35316138169463,True,True,Priority,6512.0,8,15,3,8.76,0.1677139063681773,2,"S3,S4",0.1995748029258341,Moderate
112,Lachlan Disconnected,-33.32984089166526,147.25372997280132,True,False,Priority,6448.0,5,32,4,9.7,0.0,2,"S3,S4",0.23527829374351403,High
43,Southern Basin,-35.835770463861664,144.37415775210422,True,False,Priority,4118.0,16,11,3,8.39,0.0,2,"S3,S4",0.1968764623419863,Moderate
88,Lachlan Disconnected,-34.185112872146235,144.16363833980066,True,False,Priority,3654.0,8,12,3,10.7,0.0,2,"S3,S4",0.19027118649155278,Moderate
82,Southern Basin,-34.2900634929619,139.6353671978383,True,False,Priority,3607.0,3,25,8,0.42,0.0,2,"S3,S4",0.2092805611620947,High
205,Northern Basin,-29.387333168461748,149.71029875451484,True,False,Priority,2932.0,17,19,5,17.91,0.0239736238529816,2,"S3,S4",0.19358038912290254,Moderate
47,Southern Basin,-35.688134299201764,144.18387637468098,True,False,Priority,2733.0,19,8,4,11.63,0.0413776843747697,2,"S3,S4",0.18704214453793433,Moderate
55,Southern Basin,-35.2239029750702,143.45322531559432,True,False,Priority,1878.0,5,21,7,6.63,0.7862827846773673,2,"S3,S4",0.19522707092774558,Moderate
98,Lachlan Disconnected,-33.924168209699275,144.4085983930247,True,False,Priority,1781.0,4,21,7,4.43,0.0,2,"S3,S4",0.21755674972111716,High
81,Wimmera Disconnected,-34.241705574951666,142.12840783057447,True,True,Priority,1624.0,7,7,1,18.24,19.19660154323171,2,"S3,S4",0.17630566802576722,Moderate
202,Northern Basin,-29.451121219619505,148.71671389122704,True,False,Priority,1595.0,8,15,4,3.89,0.0321611596611493,2,"S3,S4",0.222518009772072,High
194,Northern Basin,-29.674816649979835,149.09333308807246,True,False,Priority,1288.0,3,17,5,2.15,0.0,2,"S3,S4",0.2664329703021911,High
58,Wimmera Disconnected,-34.74101982857419,142.23796750526836,True,False,Priority,983.0,3,20,3,0.87,0.0,2,"S3,S4",0.25993475922410575,High
201,Northern Basin,-29.458981172212525,149.85573316030744,True,False,Priority,973.0,6,24,7,8.54,14.106653160437272,2,"S3,S4",0.21624058467117527,High
249,Northern Basin,-28.177910898340816,148.539005067318,True,False,Priority,748.0,6,12,2,10.37,0.0160863629514029,2,"S3,S4",0.19765590605618177,Moderate
44,Southern Basin,-35.82071298266281,145.47326583282597,True,False,Priority,609.0,6,12,3,3.09,0.0804651707297369,2,"S3,S4",0.20237279677339748,Moderate
54,Southern Basin,-35.39106021864574,143.71583328997113,True,False,Priority,548.0,9,13,3,8.99,0.322342926037925,2,"S3,S4",0.19480111446810622,Moderate
197,Northern Basin,-29.57058319852831,149.4938097764304,True,False,Priority,384.0,5,8,7,4.98,0.3467571345107242,2,"S3,S4",0.2285447889655705,High
97,Lachlan Disconnected,-33.94339963781811,144.33858488848148,True,False,Priority,304.0,4,9,1,3.25,0.0,2,"S3,S4",0.21890964590178683,High
38,Southern Basin,-35.98860048268766,146.50026770470052,True,False,Priority,162.0,4,11,7,1.21,0.0,2,"S3,S4",0.20546983328385135,High
40,Southern Basin,-35.970364271922165,145.7764678659112,True,False,Priority,120.0,3,13,7,0.52,0.0,2,"S3,S4",0.21580058886603642,High
113,Southern Basin,-33.309446429699975,141.71626522181168,True,False,Priority,0.0,5,0,6,6.48,0.0,2,"S3,S4",0.233387793842433,High
95,Lachlan Disconnected,-33.98610208581808,144.22226950002357,True,False,Priority,0.0,4,0,3,3.96,0.0,2,"S3,S4",0.22310487614031388,High
45,Wimmera Disconnected,-35.761113729401366,141.97318584909652,True,False,Priority,0.0,6,0,6,4.81,0.4904958136892209,2,"S3,S4",0.27637979551777075,High
